:020000040800F2
:100000008023002009410008FF8E0008F540000809
:10001000F5400008F5400008F54000080000000029
:10002000000000000000000000000000CD410008BA
:10003000F54000080000000069410008555C000818
:100040002143000821430008214300082143000800
:1000500021430008214300082143000821430008F0
:1000600021430008214300082143000821430008E0
:1000700021430008214300082143000821430008D0
:1000800021430008214300082143000821430008C0
:1000900021430008214300082143000821430008B0
:1000A00021430008214300082143000821430008A0
:1000B0002143000821430008214300082143000890
:1000C0002143000821430008214300082143000880
:1000D0002143000821430008214300082143000870
:1000E0002143000821430008214300082143000860
:1000F0002143000821430008214300082143000850
:10010000214300082143000821430008214300083F
:10011000214300082143000821430008214300082F
:10012000214300082143000821430008214300081F
:080130002143000821430008EF
:1001380081F0004102E000BF83F0004330B54FEA90
:1001480041044FEA430594EA050F08BF90EA020FFD
:100158001FBF54EA000C55EA020C7FEA645C7FEA90
:10016800655C00F0E2804FEA5454D4EB5555B8BFB3
:100178006D420CDD2C4480EA020281EA030382EA24
:10018800000083EA010180EA020281EA0303362DB6
:1001980088BF30BD11F0004F4FEA01314FF4801C89
:1001A8004CEA113102D0404261EB410113F0004F9B
:1001B8004FEA03334CEA133302D0524263EB430352
:1001C80094EA050F00F0A780A4F10104D5F1200EF0
:1001D8000DDB02FA0EFC22FA05F2801841F100014B
:1001E80003FA0EF2801843FA05F359410EE0A5F11F
:1001F80020050EF1200E012A03FA0EFC28BF4CF050
:10020800020C43FA05F3C01851EBE37101F0004505
:1002180007D54FF0000EDCF1000C7EEB00006EEB12
:100228000101B1F5801F1BD3B1F5001F0CD349089C
:100238005FEA30004FEA3C0C04F101044FEA4452F3
:1002480012F5800F80F09A80BCF1004F08BF5FEA7A
:10025800500C50F1000041EB045141EA050130BD5A
:100268005FEA4C0C404141EB0101013C28BFB1F56C
:10027800801FE9D291F0000F04BF01460020B1FAB7
:1002880081F308BF2033A3F10B03B3F120020CDA8A
:100298000C3208DD02F1140CC2F10C0201FA0CF068
:1002A80021FA02F10CE002F11402D8BFC2F1200CCD
:1002B80001FA02F120FA0CFCDCBF41EA0C01904083
:1002C800E41AA2BF01EB0451294330BD6FEA0404CC
:1002D8001F3C1CDA0C340EDC04F11404C4F12002B7
:1002E80020FA04F001FA02F340EA030021FA04F3C9
:1002F80045EA030130BDC4F10C04C4F1200220FA20
:1003080002F001FA04F340EA0300294630BD21FA5D
:1003180004F0294630BD94F0000F83F4801306BF23
:1003280081F480110134013D4EE77FEA645C18BF17
:100338007FEA655C29D094EA050F08BF90EA020FAE
:1003480005D054EA000C04BF1946104630BD91EAA6
:10035800030F1EBF0021002030BD5FEA545C05D1A9
:100368004000494128BF41F0004130BD14F58004E8
:100378003CBF01F5801130BD01F0004545F0FE415C
:1003880041F470014FF0000030BD7FEA645C1ABF91
:10039800194610467FEA655C1CBF0B46024650EAC8
:1003A800013406BF52EA033591EA030F41F40021F4
:1003B80030BD00BF90F0000F04BF0021704730B57A
:1003C8004FF4806404F132044FF000054FF000014F
:1003D80050E700BF90F0000F04BF0021704730B510
:1003E8004FF4806404F1320410F0004548BF4042E5
:1003F8004FF000013EE700BF42004FEAE2014FEA3A
:1004080031014FEA02701FBF12F07F4393F07F4F14
:1004180081F06051704732F07F4208BF704793F017
:100428007F4F04BF41F40021704730B54FF460742A
:1004380001F0004521F000411CE700BF50EA01022D
:1004480008BF704730B54FF000050AE050EA0102D6
:1004580008BF704730B511F0004502D5404261EB46
:1004680041014FF4806404F132045FEA915C3FF487
:10047800D8AE4FF003025FEADC0C18BF03325FEA24
:10048800DC0C18BF033202EBDC02C2F1200300FAD5
:1004980003FC20FA02F001FA03FE40EA0E0021FAFA
:1004A80002F11444BDE600BF70B54FF0FF0C4CF4E8
:1004B800E06C1CEA11541DBF1CEA135594EA0C0F9A
:1004C80095EA0C0F00F0DEF82C4481EA030621EAD5
:1004D8004C5123EA4C5350EA013518BF52EA033510
:1004E80041F4801143F4801338D0A0FB02CE4FF0C2
:1004F8000005E1FB02E506F00042E0FB03E54FF0F2
:100508000006E1FB03569CF0000F18BF4EF0010EE9
:10051800A4F1FF04B6F5007F64F5407404D25FEAE5
:100528004E0E6D4146EB060642EAC62141EA555198
:100538004FEAC52040EA5E504FEACE2EB4F1FD0CDA
:1005480088BFBCF5E06F1ED8BEF1004F08BF5FEA58
:10055800500E50F1000041EB045170BD06F000460A
:1005680046EA010140EA020081EA0301B4EB5C04B7
:10057800C2BFD4EB0C0541EA045170BD41F48011AF
:100588004FF0000E013C00F3AB8014F1360FDEBFD4
:10059800002001F0004170BDC4F10004203C35DAB0
:1005A8000C341BDC04F11404C4F1200500FA05F333
:1005B80020FA04F001FA05F240EA020001F00042D4
:1005C80021F0004110EBD37021FA04F642EB06014A
:1005D8005EEA430E08BF20EAD37070BDC4F10C0474
:1005E800C4F1200500FA04F320FA05F001FA04F238
:1005F80040EA020001F0004110EBD37041F1000124
:100608005EEA430E08BF20EAD37070BDC4F120052E
:1006180000FA05F24EEA020E20FA04F301FA05F296
:1006280043EA020321FA04F001F0004121FA04F23E
:1006380020EA020000EBD3705EEA430E08BF20EA0E
:10064800D37070BD94F0000F0FD101F00046400048
:1006580041EB010111F4801F08BF013CF7D041EACA
:10066800060195F0000F18BF704703F000465200CE
:1006780043EB030313F4801F08BF013DF7D043EA9F
:100688000603704794EA0C0F0CEA135518BF95EA55
:100698000C0F0CD050EA410618BF52EA4306D1D1DC
:1006A80081EA030101F000414FF0000070BD50EAFB
:1006B800410606BF1046194652EA430619D094EA85
:1006C8000C0F02D150EA013613D195EA0C0F05D16F
:1006D80052EA03361CBF104619460AD181EA0301C3
:1006E80001F0004141F0FE4141F470014FF000007B
:1006F80070BD41F0FE4141F4780170BD70B54FF016
:10070800FF0C4CF4E06C1CEA11541DBF1CEA135595
:1007180094EA0C0F95EA0C0F00F0A7F8A4EB050477
:1007280081EA030E52EA03354FEA013100F088806E
:100738004FEA03334FF0805545EA131343EA126337
:100748004FEA022245EA111545EA10654FEA0026EC
:100758000EF000419D4208BF964244F1FD0404F5A5
:10076800407402D25B084FEA3202B61A65EB030501
:100778005B084FEA32024FF480104FF4002CB6EBBE
:10078800020E75EB030E22BFB61A754640EA0C003E
:100798005B084FEA3202B6EB020E75EB030E22BF7E
:1007A800B61A754640EA5C005B084FEA3202B6EBBF
:1007B800020E75EB030E22BFB61A754640EA9C007E
:1007C8005B084FEA3202B6EB020E75EB030E22BF4E
:1007D800B61A754640EADC0055EA060E18D04FEA0C
:1007E800051545EA16754FEA06164FEAC30343EAAC
:1007F80052734FEAC2025FEA1C1CC0D111F4801F79
:100808000BD141EA00014FF000004FF0004CB6E771
:1008180011F4801F04BF01430020B4F1FD0C88BF10
:10082800BCF5E06F3FF6AFAEB5EB030C04BFB6EB1B
:10083800020C5FEA500C50F1000041EB045170BD0E
:100848000EF0004E4EEA113114EB5C04C2BFD4EB3B
:100858000C0541EA045170BD41F480114FF0000EBF
:10086800013C90E645EA060E8DE60CEA135594EA3B
:100878000C0F08BF95EA0C0F3FF43BAF94EA0C0F3E
:100888000AD150EA01347FF434AF95EA0C0F7FF4B3
:1008980025AF104619462CE795EA0C0F06D152EA07
:1008A80003353FF4FDAE1046194622E750EA4106EB
:1008B80018BF52EA43067FF4C5AE50EA41047FF4FC
:1008C8000DAF52EA43057FF4EBAE12E74FF0FF3C61
:1008D80006E000BF4FF0010C02E000BF4FF0010C32
:1008E8004DF804CD4FEA410C7FEA6C5C4FEA430CAB
:1008F80018BF7FEA6C5C1BD001B050EA410C0CBFFA
:1009080052EA430C91EA030F02BF90EA020F00205B
:10091800704710F1000F91EA030F58BF994208BFC2
:1009280090422CBFD8176FEAE37040F0010070477F
:100938004FEA410C7FEA6C5C02D150EA013C07D1D6
:100948004FEA430C7FEA6C5CD6D152EA033CD3D021
:100958005DF8040B704700BF8446104662468C461B
:100968001946634600E000BF01B5FFF7B7FF00284E
:1009780048BF10F1000F01BD4DF808EDFFF7F4FF77
:100988000CBF012000205DF808FB00BF4DF808ED02
:10099800FFF7EAFF34BF012000205DF808FB00BF25
:1009A8004DF808EDFFF7E0FF94BF012000205DF847
:1009B80008FB00BF4DF808EDFFF7CEFF94BF0120FC
:1009C80000205DF808FB00BF4DF808EDFFF7C4FFF5
:1009D80034BF012000205DF808FB00BF80F0004014
:1009E80002E000BF81F0004142001FBF5FEA4103FF
:1009F80092EA030F7FEA226C7FEA236C6AD04FEAFF
:100A08001262D2EB1363C1BFD21841404840414043
:100A1800B8BF5B42192B88BF704710F0004F40F4F5
:100A2800000020F07F4018BF404211F0004F41F411
:100A3800000121F07F4118BF494292EA030F3FD0DD
:100A4800A2F1010241FA03FC10EB0C00C3F12003F0
:100A580001FA03F100F0004302D5494260EB40007F
:100A6800B0F5000F13D3B0F1807F06D340084FEAEA
:100A7800310102F10102FE2A51D2B1F1004F40EBDF
:100A8800C25008BF20F0010040EA03007047490047
:100A980040EB0000013A28BFB0F5000FEDD2B0FAE4
:100AA80080FCACF1080CB2EB0C0200FA0CF0AABF07
:100AB80000EBC25052421843BCBFD04018437047A5
:100AC80092F0000F81F4000106BF80F400000132AB
:100AD800013BB5E74FEA41037FEA226C18BF7FEA82
:100AE800236C21D092EA030F04D092F0000F08BFC4
:100AF8000846704790EA010F1CBF0020704712F0AB
:100B08007F4F04D1400028BF40F00040704712F1E9
:100B180000723CBF00F50000704700F0004343F04E
:100B2800FE4040F4000070477FEA226216BF084684
:100B38007FEA23630146420206BF5FEA412390EA47
:100B4800010F40F4800070474FF0000304E000BF3D
:100B580010F0004348BF40425FEA000C08BF7047EE
:100B680043F0964301464FF000001CE050EA0102B2
:100B780008BF70474FF000030AE000BF50EA0102C7
:100B880008BF704711F0004302D5404261EB4101B4
:100B98005FEA010C02BF84460146002043F0B643D9
:100BA80008BFA3F18053A3F50003BCFA8CF2083AFE
:100BB800A3EBC25310DB01FA02FC634400FA02FC07
:100BC800C2F12002BCF1004F20FA02F243EB02000E
:100BD80008BF20F00100704702F1200201FA02FC70
:100BE800C2F1200250EA4C0021FA02F243EB020063
:100BF80008BF20EADC7070474FF0FF0C1CEAD052A7
:100C08001EBF1CEAD15392EA0C0F93EA0C0F6FD067
:100C18001A4480EA010C400218BF5FEA41211ED045
:100C28004FF0006343EA501043EA5111A0FB013131
:100C38000CF00040B1F5000F3EBF490041EAD37106
:100C48005B0040EA010062F17F02FD2A1DD8B3F182
:100C5800004F40EBC25008BF20F00100704790F0F1
:100C6800000F0CF0004C08BF49024CEA502040EA43
:100C780051207F3AC2BFD2F1FF0340EAC250704709
:100C880040F400004FF00003013A5DDC12F1190F47
:100C9800DCBF00F000407047C2F10002410021FAB9
:100CA80002F1C2F1200200FA02FC5FEA310040F1D1
:100CB800000053EA4C0308BF20EADC70704792F04A
:100CC800000F00F0004C02BF400010F4000F013A82
:100CD800F9D040EA0C0093F0000F01F0004C02BF7D
:100CE800490011F4000F013BF9D041EA0C018FE7EC
:100CF8000CEAD15392EA0C0F18BF93EA0C0F0AD0F2
:100D080030F0004C18BF31F0004CD8D180EA010017
:100D180000F00040704790F0000F17BF90F0004FB0
:100D2800084691F0000F91F0004F14D092EA0C0F92
:100D380001D142020FD193EA0C0F03D14B0218BF25
:100D4800084608D180EA010000F0004040F0FE406B
:100D580040F40000704740F0FE4040F44000704707
:100D68004FF0FF0C1CEAD0521EBF1CEAD15392EA86
:100D78000C0F93EA0C0F69D0A2EB030280EA010C76
:100D880049024FEA402037D04FF0805343EA11110F
:100D980043EA10130CF000408B4238BF5B0042F16D
:100DA8007D024FF4000C8B4224BF5B1A40EA0C0012
:100DB800B3EB510F24BFA3EB510340EA5C00B3EB44
:100DC800910F24BFA3EB910340EA9C00B3EBD10F32
:100DD80024BFA3EBD10340EADC001B0118BF5FEA84
:100DE8001C1CE0D1FD2A3FF650AF8B4240EBC250AD
:100DF80008BF20F0010070470CF0004C4CEA50206E
:100E08007F32C2BFD2F1FF0340EAC250704740F4BC
:100E180000004FF00003013A37E792F0000F00F0AE
:100E2800004C02BF400010F4000F013AF9D040EA2C
:100E38000C0093F0000F01F0004C02BF490011F4C0
:100E4800000F013BF9D041EA0C0195E70CEAD153B8
:100E580092EA0C0F08D142027FF47DAF93EA0C0F9F
:100E68007FF470AF084676E793EA0C0F04D14B0283
:100E78003FF44CAF08466EE730F0004C18BF31F035
:100E8800004CCAD130F000427FF45CAF31F000432F
:100E98007FF43CAF5FE700BF4FF0FF3C06E000BFC8
:100EA8004FF0010C02E000BF4FF0010C4DF804CDEB
:100EB8004FEA40024FEA41037FEA226C18BF7FEAFB
:100EC800236C11D001B052EA530C18BF90EA010FFD
:100ED80058BFB2EB030088BFC81738BF6FEAE1708C
:100EE80018BF40F0010070477FEA226C02D15FEA28
:100EF800402C05D17FEA236CE4D15FEA412CE1D094
:100F08005DF8040B704700BF844608466146FFE75A
:100F18000FB5FFF7C9FF002848BF10F1000F0FBD3C
:100F28004DF808EDFFF7F4FF0CBF012000205DF835
:100F380008FB00BF4DF808EDFFF7EAFF34BF0120BA
:100F480000205DF808FB00BF4DF808EDFFF7E0FF53
:100F580094BF012000205DF808FB00BF4DF808EDA4
:100F6800FFF7D2FF94BF012000205DF808FB00BF07
:100F78004DF808EDFFF7C8FF34BF012000205DF8E9
:100F880008FB00BF4FEA4002B2F1FE4F0FD34FF00B
:100F98009E03B3EB12620DD94FEA002343F00043DE
:100FA80010F0004F23FA02F018BF404270474FF08C
:100FB8000000704712F1610F01D1420205D110F013
:100FC800004008BF6FF0004070474FF000007047C6
:100FD80053B94AB9002908BF00281CBF4FF0FF3198
:100FE8004FF0FF3000F00CB8ADF1080C6DE904CEFD
:100FF80000F023F8DDF804E0DDE9022304B07047CF
:10100800704700BF034613F8012B002AFBD1181ABA
:1010180001387047430803F05533C01A00F03333E2
:10102800800800F03330184400EB10104FF0013303
:1010380000F00F305843000E70472DE9F047864600
:101048008C460846089E154674461946002B40F003
:10105800C2808542B2FA82F245D94AB1C2F1200370
:1010680000FA02FC2EFA03F3954043EA0C0C944074
:101078004FEA154EA8B2BCFBFEF8230C0EFB18CCA9
:1010880008FB00F943EA0C43994528D9EB1808F105
:10109800FF3704D2994502D9A8F102072B44A3EBE4
:1010A8000903A4B2B3FBFEFC0EFB1C330CFB00F0DF
:1010B80044EA0344A04214D92C190CF1FF3304D29A
:1010C800A04202D9ACF102032C44241A43EA074097
:1010D8001EB1D440002334607360BDE8F0874746F2
:1010E800DDE76346F1E792BB431B01214FEA154E4A
:1010F800AFB2B3FBFEFC200C0EFB1C330CFB07F855
:1011080040EA0343984562D9EB180CF1FF3004D24A
:10111800984502D9ACF102002B44A3EB0803A4B212
:10112800B3FBFEFC0EFB1C330CFB07F744EA03443D
:10113800A7424ED92C190CF1FF3304D2A74202D989
:10114800ACF102032C44E41B43EA0040C0E7C2F1BF
:10115800200320FA03F1954090402EFA03F303434D
:101168004FEA154EAFB2B1FBFEFC0EFB1C10190C7A
:101178000CFB07F841EA0041884504FA02F422D939
:1011880069180CF1FF3004D2884502D9ACF102008D
:101198002944A1EB08019BB2B1FBFEFC0EFB1C111C
:1011A8000CFB07F743EA01439F420ED9EB180CF1F9
:1011B800FF3104D29F4202D9ACF102012B44DB1B60
:1011C80041EA004192E76046E3E76146F7E7604697
:1011D800A3E76346B7E7834206D916B90021084654
:1011E8007BE7C6E900E0F9E7B3FA83F78FB98342F2
:1011F80001D3724508D8BEEB020460EB030301205B
:101208009C461EB9002168E73846FAE7C6E9004C53
:10121800F8E7C7F1200CBB4022FA0CF41C432EFA65
:101228000CF120FA0CF3B84001434FEA14490EFAC6
:1012380007F5B3FBF9F81FFA84FE09FB18300B0C0D
:1012480008FB0EFA43EA00439A4502FA07F240D92E
:10125800E31808F1FF3004D29A4502D9A8F1020038
:101268002344A3EB0A0389B2B3FBF9F809FB18334B
:1012780008FB0EFE41EA03418E452CD9611808F19E
:10128800FF3304D28E4502D9A8F10203214443EA70
:101298000040A0FB0298A1EB0E014145CE46434613
:1012A80002D306D14D4504D2B9EB020E68EB040314
:1012B8000138002EA6D0B5EB0E0261EB030101FA4E
:1012C8000CFC22FA07F34CEA0303F940C6E90031A3
:1012D80098E74046C5E74346D9E70000014B01229D
:1012E8001A707047460D0020014B01221A70704792
:1012F800480D0020014B01221A707047470D00204D
:10130800014B01221A707047490D00202DE9F8435E
:101318000F460546002861D0FFF774FE03285DD903
:10132800DFF8BC8000260024AB5D2BB3A3F13009A5
:101338005FFA89F2092A0DD841462046FFF75CFC7E
:1013480004464846FFF704FC2146FFF74DFB0446D8
:101358000136E9E72E2BFBD12E44214D4FF0000832
:10136800A94616F8010F3038C3B2092B26D92046F2
:101378004146FFF739FB04461A492046FFF7F0FCBF
:10138800FFF700FE054664206843FFF7E1FB0146CE
:101398002046FFF727FB1449FFF7E2FC04462846DE
:1013A800FFF7D6FB07F0FB0701462046FFF71CFBBB
:1013B800532F01D100F10040BDE8F883FFF7C8FBC7
:1013C8002946FFF7CDFC01464046FFF70DFB49468D
:1013D80080462846FFF710FC0546C2E70020EBE7E9
:1013E800000020410000C84200007042F0B52049CA
:1013F800204D00244FF0FF304FF0FF326FF4801380
:1014080000260027C5E90067AC61C5E90201C5E906
:101418000423194DC5E90067AC61C5E90201C5E9B6
:101428000423164DC5E90067AC61C5E90201C5E9A9
:101438000423134DC5E90067AC61C5E90201C5E99C
:101448000423104D2C60104D2C60104D2C60104C56
:10145800C4E90001C4E902230E4CC4E90001C4E94F
:1014680002230D4CC4E90001C4E90223F0BD00BF0A
:10147800FFFFEF7FE0020020C0020020A002002052
:1014880080020020440A0020400A00203C0A002074
:1014980070020020600200205002002070B506464D
:1014A8000024B369A34201D800250AE056F83400A5
:1014B80008F055FC38B90B48214607F021F96FF0C0
:1014C8001205284670BD4FF4B01106EBC40006F0B3
:1014D800AEFF054620B10448214607F011F9F0E7B0
:1014E8000134DEE778B100089AB10008F8B506467D
:1014F8000F460024B369A34201D800250DE047FA3E
:1015080004F101F0010106EBC40006F0AFFF054647
:1015180028B10448214607F0F3F82846F8BD0134FD
:10152800E8E700BFBDB100082DE9F04F4648E7B035
:1015380007F0E6F8454807F0E3F8454807F0E0F813
:10154800444808F00CFC30B9434807F0D9F80020AB
:1015580067B0BDE8F08F3F4808F001FC0028F3D0E1
:101568003C4808F0FCFB0028EED03C484FF4B01192
:1015780006F05DFF002801DA3948E6E739484FF4FC
:10158800B01106F054FF0028F6D137484FF4B011D7
:1015980006F04DFF0028EFDB2E4808F0E0FBF8B915
:1015A800324807F0ADF832484FF4B01106F03FFF6B
:1015B8000028E1DB2F484FF4B01106F038FF00286F
:1015C800DADB2D48FFF76AFF0028C0D12B4C2046F4
:1015D80008F0C5FB50B92168294807F091F8B6E72B
:1015E8001C4808F0BCFB0028DAD0DCE74FF4803157
:1015F800244806F01CFF014620B12348062207F0C4
:101608007FF8A4E7A568AE69C6B106214FF0C063AC
:101618004FF0A0722046B04701460028EDD11B4983
:101628001B4B4B6040238B60EB6953B12046012272
:101638009847044680B317482146CEE76FF0570114
:10164800DBE76FF05704F6E7E9B1000818B20008C5
:1016580048B200089CA5000877B2000888AC0008CA
:1016680094B2000890AC000880AC0008ACB2000846
:1016780070AC000868AC0008A80000207CA5000831
:10168800C4B2000878AC0008E5B20008300A0020AF
:10169800091300080BB3000801F072F844F620663D
:1016A8000027B248CDE900670022002305F05AFD63
:1016B8004FF47A720023AE48CDE9006705F052FD79
:1016C8000121AC4806F0D2FEFFF790FE0A94AA4B1F
:1016D8001A781AB100221A7000F0AEFDA74B1A78DA
:1016E800002A37D000221A70A548836840A95B6891
:1016F800984710B9409B5B062CD5A24B93F9004044
:10170800012C40F0E68002221A70FFF76FFE9E4817
:1017180006F0F6FF0021974806F0A8FE21469B48F0
:101728009B4C06F0A3FE00259048CDE900454FF4F8
:101738007A72002305F016FD8D48CDE90045002298
:10174800002305F00FFD934A0023CDE900239248BA
:1017580005F008FD914C2378002B00F07E8340A80B
:1017680000F080FD002800F07883002323709DF8A6
:101778000831012B00F0CA80022B00F0CA804FF01C
:101788008B44BDF90201FFF7E3F98549FFF734FA05
:101798002146FFF7E5FA0B90BDF90401FFF7D8F9E8
:1017A8007F49FFF729FA2146FFF7DAFA0C90BDF9CD
:1017B8000601FFF7CDF97A49FFF71EFA2146FFF730
:1017C800CFFA704BBDF80EA193F900B00D90BAF1A5
:1017D800000F00F0BF80BDF81011BDF81221BDF850
:1017E8001431C1EB0121C2EB0222B1FBFAF1B2FBC9
:1017F800FAF2C9B2D2B29142C3EB0323B3FBFAF3B4
:10180800DBB2C0F08E809942C0F09980BBF1020F24
:1018180000F08280634B089304230A93BDF91601F4
:10182800FFF796F96049FFF7E7F96049FFF798FA7B
:1018380000210546FFF77EFB002840F08E805A49BC
:101848002846FFF795FB002840F08980BDF9000184
:101858008000FFF77DF900210446FFF775FB00289B
:101868007FD152492046FFF779FB00287BD14E49AA
:101878002046FFF7C1F94D49FFF772FA0646BDF851
:101888000A81B8F1000F00F037814046FFF760F990
:101898004749FFF7B1F94FF05E51FFF7ADF94549F8
:1018A800FFF7A0F800210446FFF744FB002840F0AA
:1018B80027813D492046FFF75BFB002840F08C80DC
:1018C8003D492046FFF754FB002840F086800690EB
:1018D8008BE0012439481C7006F012FF2146254888
:1018E80006F0C4FD0021294806F0C0FD44F6206436
:1018F80000251E48CDE900450022002305F032FCF2
:101908001B48CDE900450022002321E74FF08A4417
:1019180037E74FF0894434E7294A136801331360E5
:1019280078E79A420BD3BBF1020F03D0254B0893FB
:10193800022372E7244A136801331360F6E7BBF108
:10194800020F01BF214A136801331360204B08932B
:10195800012362E71F4B089360E7002576E7124DE5
:1019680074E700268BE7104E89E700BFD0010020FE
:101978000802002070AC0008470D0020490D002027
:101988007CA500083001002032B3000868AC0008CC
:10199800E0930400C027090098010020480D0020AA
:1019A80079E91C41D5B100080000C84200F07F4524
:1019B8000000FA420000C0400000C8413FB30008E0
:1019C800440A0020D9B10008400A00203C0A00203F
:1019D800DFB1000847B20008924C93492046FFF750
:1019E800A9FA031E18BF01230693BDF80C010028AD
:1019F80000F08980FFF7ACF88C49FFF7FDF84FF04D
:101A08005E51FFF7F9F88A49FEF7ECFF8949074666
:101A1800FFF7AEFA002840F0DC800490BBF1020F1B
:101A280078D13846FEF7E8FC02460B46824806F0B5
:101A380031FDB8F1000F07D02046FEF7DDFC024665
:101A48000B467E4806F026FD3046FEF7D5FC0246DA
:101A58000B467B48DFF8ECB106F01CFD2846FEF784
:101A6800CBFC02460B46784806F014FD0B98FEF7AF
:101A7800C3FCDBE9002380468946FEF787FF08B1EF
:101A8800CBE90089DBE9022340464946FEF79CFF83
:101A980008B1CBE902890C98DFF8B0B1FEF7ACFCCD
:101AA800DBE9002380468946FEF770FF08B1CBE9E1
:101AB8000089DBE9022340464946FEF785FF08B165
:101AC800CBE902890D98DFF888B1FEF795FCDBE9D0
:101AD800002380468946FEF759FF08B1CBE9008903
:101AE800DBE9022340464946FEF76EFF08B1CBE921
:101AF80002894FF0020B0DE0CDF81880002474E73E
:101B080000230693FAE70123BBF1020F04934FF079
:101B180000078ED04F493046FFF72AFA002861D0D7
:101B28004D493046FFF706FAB0F1000918BF4FF0EB
:101B380001094A492846FFF71BFA002854D04849AA
:101B48002846FFF7F7F9B0F1000818BF4FF0010871
:101B580044490B98FFF7EEF9D0B143490B98FFF7CA
:101B680007FAA8B13F490C98FFF7E4F980B13E495C
:101B78000C98FFF7FDF958B13A490D98FFF7DAF9D3
:101B880030B139490D98FFF7F3F9003818BF012033
:101B9800BBF1010F2AD19DF82810344849B2FFF74C
:101BA800A5FC2846FEF728FC02460B46304806F0FE
:101BB800A7FD3046FEF720FC02460B462D4806F0EE
:101BC8009FFD9DF81831002B5AD12B4806F098FD3F
:101BD800EAE02A493846FFF7ADF9031E18BF01238A
:101BE80004931BE78146A4E78046B1E7049B7BB1D9
:101BF800069B7BB1B9F1000F0ED0B8F1000F0DD0E4
:101C0800BAF1010F0CD9002814BF00210321C4E741
:101C18000421C2E70121C0E70221BEE70621BCE793
:101C28000521BAE70000C8420000964252B82F4387
:101C380066663B42000020C1E0020020C00200208E
:101C4800A002002070020020800200206002002014
:101C5800500200200000A0410000B4420000F04102
:101C68000000A04200007041000070C1A8000020E0
:101C78004AB3000861B3000870B300080000484286
:101C88007F2246A9002520A808F0F7F9382229461E
:101C980012A88DF8FF5008F0E8F920AB012211A82E
:101CA80013F8011B11B10F2A40F0B080129A0E925E
:101CB800002A00F0B3801398002800F0AF80DDF808
:101CC80050A0BAF1000F00F0A980159D002D00F07A
:101CD800A580DDF85890B9F1000F00F09F80DDF87D
:101CE80068B0BBF1000F00F099809AF80010FFF778
:101CF8000DFB99F8001006462846FFF707FB0E9AD9
:101D0800937892F8038011794FF00A0CA8F1300803
:101D1800303B0CFB03830E93537930390546303B37
:101D280010780CFB013351780F9330380CFB0011FD
:101D38009F48A1F12F0806F0E3FC1820DDE90E23E7
:101D480098FBF0FC00FB1C819A4806F0D9FC0021A6
:101D58003046FFF703F908B906F100463046FEF7AA
:101D68004BFB0B469AF8001000910246924806F089
:101D7800C7FC00212846FFF7F1F808B905F100452E
:101D88002846FEF739FB0B4699F8001000910246E9
:101D98008A4806F0B5FC5946894806F0B1FC1899FE
:101DA80011B1884806F0ACFC089B0193BDF81431CA
:101DB800BDF81021BDF80E1183480093BDF812310B
:101DC80006F09EFC0B98FEF717FB80460D98894697
:101DD800FEF712FBCDE902010C98FEF70DFB4B460E
:101DE800CDE900014246794806F08AFC049BBBB164
:101DF800069B1BBB764806F083FC2046FEF7FCFAE0
:101E080002460B46734806F07BFC17E02C2902BFFC
:101E180040F8223003F8015C013241E76E48D5E60C
:101E28006B4806F06DFC3846FEF7E6FA02460B46AC
:101E38006A4806F065FC069B002BDED03846FEF7A4
:101E4800DBFA064620460F46FEF7D6FA3246CDE9BB
:101E580000013B46624806F053FC624B1A78002AA0
:101E680038D000221A70604B93F90030022B31D120
:101E78005E4FD7F818A0BAF1000F31D15C4806F0D0
:101E88003FFC5C4B5C481A685C4B5D495D4D0968DA
:101E9800002A18BF18465C4B1B6800919A423ABF4B
:101EA8005A481C461446A14294BF01462946584C3C
:101EB800584806F025FCD4E90001574B4FF0FF3293
:101EC800FEF75AFD002800F0BB80544806F018FCC5
:101ED800FFF78CFA0021642008F02DF8FFF7F7BB14
:101EE8005046FEF767FA02460B46D7E90001FEF7AF
:101EF80005FC4B4E4B4D4C4CCDE90401B069FEF747
:101F080059FA02460B46D6E90001FEF7F7FBCDE980
:101F18000601A869FEF74EFA02460B46D5E900010C
:101F2800FEF7ECFBCDE90801A069FEF743FA02468B
:101F38000B46D4E90001FEF7E1FB804689463B48A1
:101F4800514606F0DDFBD7E90423CDE90223D7E9A2
:101F580002233748CDE90023DDE9042306F0D0FB4E
:101F6800D6E90423CDE90223D6E902233148CDE995
:101F78000023DDE9062306F0C3FBD5E90423CDE9F8
:101F88000223D5E902232C48CDE90023DDE9082303
:101F980006F0B6FBD4E90423CDE90223D4E90223F1
:101FA8002648CDE9002342464B4606F0A9FB68E7E0
:101FB8007EB3000884B300089BB30008ACB30008E4
:101FC800BDB30008C9B30008F8B3000842B400085C
:101FD8008FB40008E8B40008DAB30008B8B4000801
:101FE80019B50008460D002030010020E00200204D
:101FF80056B50008440A0020E4B10008D5B100082D
:102008003C0A0020DFB10008400A0020D9B10008CE
:1020180070020020A9B60008FFFFEF7FE3B60008B2
:10202800C0020020A00200208002002093B5000812
:10203800BEB50008F8B5000833B600086EB600084B
:10204800104806F05DFBD4E90223CDE900230E48D1
:10205800D4E9002306F054FB0C490D48D1E90223CA
:10206800CDE90023D1E9002306F04AFB09490A48D3
:10207800D1E90223CDE90023D1E9002306F040FB92
:1020880026E700BF1BB7000847B70008600200201A
:1020980064B700085002002081B7000807B560F057
:1020A8007F008DF804008DF80510022201A903486D
:1020B80006F01FFA03B05DF804FB00BFA0AC0008EF
:1020C80073B50446A3685B6C002B3DD1A3685B6BBA
:1020D800002B3FD1A3689B69002BF3D001220DF19F
:1020E8000701204698470128ECD19DF807201C4D90
:1020F800242A04BF00232B7029787E29E2D8194EA0
:102108004B1CDBB20A2A72542B70DBD10022164911
:10211800F254304607F0CDFF20B91449304607F095
:10212800C8FF70B10F48FEF76DFF114B0D4902460D
:102138000646184607F08BFF00220E4B82550122F7
:102148001A7000232B70BDE7204698470028BDD1A0
:1021580002B070BD204698470028BBD1F8E700BF01
:10216800CB0D0020CC0D00209FB70008A6B70008B3
:102178004B0D00204A0D002030B589B00DF1030346
:1021880002930123039301AB059360F07F000723BB
:102198000C468DF80300002502228DF81C3002A998
:1021A800292307488DF81050069206F093F9002865
:1021B800A2BFBDF804302380284609B030BD00BF57
:1021C8005CA6000830B585B00223029303238DF87E
:1021D8000C30044600250948ADF800504023012280
:1021E80001A9CDF804D006F075F9002804DBBDF884
:1021F80000305BBA2380284605B030BD5CA60008D5
:1022080000B589B00DF1070302930123039300235E
:102218008DF810300723CDE905128DF807008DF8E9
:102228001C3002221D2302A9024806F053F909B006
:102238005DF804FB5CA6000810B5084C4FF0FF32AF
:102248004FF0FF33204604F02BF8054804F04AF914
:102258002046BDE8104006F08BB900BF640A002094
:10226800480A002070B5044660B10D4E0D484FF085
:10227800FF324FF0FF3304F013F835782DB90948D1
:1022880006F076F90025284670BD074998222046B1
:1022980007F0DDFE00230348337006F069F9F2E722
:1022A8004C0E0020780A0020AE0C002070B5174CA8
:1022B80086B0064620460D4606F02AF920B914488D
:1022C80006F01EFA00241AE01422002101A807F0E3
:1022D800CCFE0123B340029302230E4E04930C2339
:1022E80003968DF81430A36820465B6801A99847C7
:1022F80044B2002C06DA0848214606F001FA2046C6
:1023080006B070BDB6F900302B80DBE71CA60008CC
:10231800ADB70008AC0C0020CDB700082DE9F04F90
:102328008BB0604C6049A36820461B68984741B24F
:10233800002905DA5D480BB0BDE8F04F06F0E0B9BA
:102348005B4D5C48286006F0E3F828B95A480BB0A2
:10235800BDE8F04F06F0D4B92868836823B19B6CB8
:1023680013B1564900229847286883689B6A03B1CD
:102378009847A36852491B684A48984741B20029C0
:1023880001DA5048D7E7504806F0C2F808B94F4874
:10239800DDE74F4806F0BEF8002801DA4D48D6E7D9
:1023A8004D48DFF838B107F000FD4D4806F0B0F8A9
:1023B800002863D00024012207A90D208DF81C40B5
:1023C800FFF71EFFA04217DA6FF00409444806F031
:1023D8009FF8002855D1434806F092F96FF012088B
:1023E800394806F095F8002840F084803E4806F009
:1023F80087F96FF0120587E09DF81C301A2BE3D19E
:1024080001220DF11E012A208DF81E40FFF7F8FE6B
:102418000028D9DB9DF81E30344803F0FE032A2437
:10242800022208A98DF81E308DF820408DF8213041
:1024380006F05FF80028C7DB0E229BF800308DF805
:1024480020202A488DF82130022208A906F051F8E8
:102458000028B9DB9DF81E3024488DF8204043F051
:102468000103022208A98DF81E308DF8213006F0EC
:1024780040F80028A8DB4FF00009A7E76FF0120921
:10248800A4E7FE231A488DF82030012208A906F097
:1024980030F8B0F10008A3DB142006F06BF84FF019
:1024A80000089DE71CA600082A010020ECB70008D8
:1024B8008C0A0020FCA500080AB80008C9200008FA
:1024C800240100201AB800089CA500083DB800089F
:1024D80098AC000860B80008780A00204D0E00206B
:1024E8005CA600087EB8000899B80008B8AC0008D7
:1024F800B0AC0008954806F00DF8051E80F2DE80A5
:102508009348294606F0FCF8DFF848A292480024D0
:10251800012106F019F80DF112012046ADF812401C
:10252800ADF81440FFF7C2FE05A90120FFF7BEFE73
:102538008948214606F008F8B9F1000F40F0EB8011
:10254800062208A90120FFF75BFEA042C0F2DF8047
:10255800BDF82070BDF82260BDF82440FFBAF6BA75
:10256800E4BABF10B610A4100023ADF81630ADF8C9
:102578001830B8F1000F1BD1F52378488DF82030BA
:10258800012208A905F0B5FF002880F2C7800023C2
:10259800ADF81630F32371488DF82030012208A9D0
:1025A80005F0A7FF002880F2C4800023ADF818309A
:1025B8000023ADF81A30ADF81C30ADF81E30ADF878
:1025C800203065BB664805F0A3FF18B15F480121BC
:1025D80005F0BAFF0DF11A011420FFF7CDFD07A988
:1025E80001901620FFF7C8FD0DF11E010390182079
:1025F800FFF7C2FD08A902901A20FFF7BDFD039A54
:10260800019B13431A46029B1343034307D55448BF
:1026180005F07EFF18B14D48002105F095FF4FF0F9
:10262800FF324FF0FF334F4803F03AFE4E4BBDF8F0
:1026380012201A809BF800201A72BDF816205A81C1
:10264800BDF818209A81BDF81A20DA81BDF81C203F
:102658001A82BDF81E205A82BDF820209A82BDF841
:102668001420DA82414A5F8012789E80DC8002F072
:10267800FF01002A67D07F2203F118003C4907F0C8
:10268800FCFC394B002283F897203A4B354801224D
:102698001A7005F06DFF4FF0FF324FF0FF335046D0
:1026A80003F0FEFD4FF0FF324FF0FF335146324842
:1026B80003F03EFF504605F05BFF27E72F4805F083
:1026C80027FF00283FF495AE01210020FFF7E6FC24
:1026D800002802DA6FF0040516E7032005F04AFF28
:1026E80003210020FFF7DAFC0028F3DBC0210120DA
:1026F800FFF7D4FC0028EDDB01210F20FFF7CEFC0B
:102708000028E7DBA02005F035FF0025FCE64C4655
:102718004E464F4628E72646274625E7142005F06B
:1027280029FF0DF11600FFF74DFD0028BFF632AF67
:102738002DE7142005F01EFF06A8FFF743FD00282B
:10274800BFF636AF31E719769FE700BFA8AC00089F
:10275800B1B80008640A002098AC0008B0AC0008C2
:102768009CA50008780A0020AE0C00204A0D002025
:102778004B0D00204C0E0020480A00205CA60008E3
:1027880010B588B0114807F010FB114807F00DFB91
:10279800104807F02AFB104C104900220023CDE90D
:1027A800062300230522CDE90323CDE90133009355
:1027B8004FF480620A4B204603F02EFF0949204659
:1027C80008B0BDE8104007F01ABB00BF500A00204F
:1027D800640A0020480A002000030020800E002020
:1027E80025230008D8B800082DE9F04F91B08407D8
:1027F800009302F004030293C2F3C20303F101033E
:10280800DDF86880039205460E46059340F0BA81CC
:10281800041D30B1072909D86FF01B0011B0BDE8BD
:10282800F08F01F007063444C6F10806009B4FF00C
:102838000009591E4FF0040A4FF0FF330193CDF8F9
:1028480010904F46CB4653460DB1009A226005982A
:10285800002800F3E8809848009A824203D39748FA
:102868008242C0F0E080039AA4EB050E92074FEA7B
:102878009E0000F103810F2F00F2B180002D00F0BF
:10288800058107F140020DEB020C019A0CF8200CAF
:102898000CF8102C049801300490E7E07A285DD8F1
:1028A8004B280ED8472859D829282DD8252852D062
:1028B80054D820287AD02338D0F1000B4BEB000BEA
:1028C80074E04C382E2849D8DFE800F070484848B2
:1028D80048484848484848484B484848484848486D
:1028E8004859484B4B595959704B6D487048184BCB
:1028F800184848827F4B48484B487F0000204FF0DB
:10290800000B4FF0040A38E02A38C0B2012202FA5C
:1029180000F010EA0E0F49D110F0625C2FD110EAD6
:10292800020B43D06046013C5444B4FBFAF40AFB62
:1029380004F4002D61D0A3EB050CA444B4453FF684
:102948006BAF002868D1042B47D158F8043B2360AB
:10295800043404232AE0019A013A01924FF0000B53
:1029680024E011F8010C6C2834D111F8023C002045
:102978006C2B8346C5D14FF0080A5346D3E708F1BC
:10298800070828F007080734F8E802AB24F0070422
:1029980035B106982044B0423FF63EAFC4E900ABDB
:1029A80008344FF0000B4FF0080A534611F8010F96
:1029B800002878D0BBF1000F7FF470AF2528F5D13F
:1029C800019B013301934FF0010B4FF0040AECE730
:1029D800584694E700208346A5E7082B02D06FF0FD
:1029E80015001BE708F1070828F00708F8E8022394
:1029F800C4E9002308340823D8E768B9042B02D1B6
:102A080008F10408A4E7082BE9D108F1070828F021
:102A1800070808F10808EDE7059A013A059258F801
:102A2800042B009210E7039A900720D5A4EB050E1B
:102A38004FEA9E004FF0010CBEF5007FCFD20F2F5A
:102A4800CDD8F5B107F140020DEB020EC0B2019AE4
:102A58000EF8200C0EF8102CBCF1000F3FF41AAF42
:102A680060F07F000EF8200C09F101090137C5F16B
:102A78000802043406924FF6DA7E97E74FF0000C0E
:102A8800DAE7BCF1000F01D00136EFE70298023611
:102A98000028EBD10098CDE90631FEF7B3FADDE95D
:102AA80006310644E2E7631BB3F5806F97D23DB960
:102AB800A6F10804E018B1E66CA40008F0C5000807
:102AC800029A28609B082B709DF81030C2B1EB70F9
:102AD80085F80290B9F1000F05D008A80022C5F1C9
:102AE800010C97420ED1C5F101030DF120084FF0FA
:102AF800000A01930DF1300B574512D1601B8DE68A
:102B08006B70E5E710F8013B190608D50CEB040ECD
:102B1800B64503F07F033FF67FAE04F8013B013270
:102B2800DFE7B9F1000F03D098F90020002A17DB7E
:102B3800029BD3B11AF80B2004F8012B0022019B49
:102B480018191044B0423FF667AE98F8000004F830
:102B5800010B00990392204607F079FA039A14446E
:102B68000AF1010A08F10108C6E798F8002055F8AB
:102B780022300093029B45F822300098FEF742FA73
:102B8800421CDCE76FF00D0048E600BF2DE9F04F6E
:102B980097B000AF90F802A0D7F880B03B62CBF3B3
:102BA800C0030446FA62BB61894641B9457800789A
:102BB8000AEB800020444D4517D8A0EB0409E378C0
:102BC800FB61BAF1000F02D01BF0010F16D1FB69AF
:102BD80053BBFB6A1BB13A6A4946204698474D46A3
:102BE80028465C37BD46BDE8F08F461C3046FEF7E8
:102BF80009FA0130304409F10109DCE723786268F9
:102C08007A62FA6A9900796104EB8301002A40F03C
:102C180000814D460E4601EB0A094FF000084E456B
:102C28004CD101EB0A0610E01BF0020FD1D023783B
:102C38009A007A6162687A62FA6A04EB8301002A70
:102C480077D14D4601EB0A0690461BF0050F0CBFE5
:102C580002230123FB62FB6906EB430A0BF0020324
:102C6800BB625645BCD016F8021B16F8013C54F856
:102C78002390994B994502D3984B994536D3BB6914
:102C8800002B40D0786A05F014FD00283BD0E946B7
:102C98008AB06A46924B53617B6AC2E906314FF4A7
:102CA800007313848F4B42F8103F8F4800234FF472
:102CB800125100F087FC023DCD46D2E716F8013BE1
:102CC800F96254F82300FEF79DF9D7F88430F96AC1
:102CD80001304BB1D7F8883098453EBFD7F88430DB
:102CE80023F8180008F10108054498E7BB6923B1E7
:102CF800786A05F0DEFC0028C9D11BF0010F05D168
:102D0800FB6AED1AADE7BB6A002BAAD04846FEF76E
:102D180079F9D7F8843053B1D7F8883098453FBF50
:102D2800D7F88420431C22F8183008F1010805441C
:102D380097E7BAF1000F72D01BF0040672D0D046A4
:102D4800002607F1480052463B61B96207F07FF957
:102D5800B96A3B6901EB0A02BA62FA69F969520079
:102D6800FA60BA6A02EB41023A610BF00202BA60F9
:102D78003A69B96A8A4257D162787A621BF0020FBF
:102D880032440CBF4FEA580100211BF0010FD2B2A8
:102D980040F09F801BF0040F14BF40460020BB6129
:102DA8006270A070E1703A6A7969FB6A20469847B8
:102DB800051EFFF615AFBB6923707B6A6370FB695C
:102DC800E37041463A6AFB6A84F802A007F14800BA
:102DD8009847B0F10008C0F2BB807B693A6AA9EB5A
:102DE8000A01C91AFB68C91AD7E90A0398470028D3
:102DF800C0F2B080A84408EB00054FF0000B07F1C3
:102E0800380AB34572D300213A6AFB6A08469847E4
:102E1800E6E656464FF0000807F1380093E75646B5
:102E2800D04697E7B04695E7BA6A12F8021BBA622D
:102E380012F8015C284A54F82500904202D3274A28
:102E480090421ED3BA6932B1786A7B6005F031FCD2
:102E58007B6800288CD1BA6802BB08F1280207F108
:102E6800300C08F10100944407F1580252FA80F03E
:102E780008F102080CF8101C5FFA88F800F8105CDA
:102E880076E7BA693AB1786A7B6005F012FC7B682C
:102E980000287FF46DAF1BF0010F09D006F128025E
:102EA80007F13000711C161806F8205CCEB25FE7F7
:102EB8001BF0040F3FF45CAF08F1280207F1300063
:102EC80008F1010102EB000808F8105C5FFA81F8CC
:102ED8004EE7002063E700BF6CA40008F0C50008B7
:102EE800E3B800080400000134A900081BF80A3000
:102EF80087F8373054F82390D7F884302BB3D7F8B5
:102F080088309B4521D2D7F8843033F81B803A6A41
:102F1800FB6A012107F13700984700281ADB0544AE
:102F2800B8F1000F06D14846FEF76CF800F1010829
:102F38001FFA88F83A6AFB6A4146484698470028CB
:102F480008DB05440BF1010B5BE74FF00008DEE7F7
:102F5800454645E6054643E6014B1860704700BF05
:102F6800C400002080B505460E461746984603F073
:102F780015FE034607F06CFADFF81890044649F886
:102F88000030424630463946A84754F8090001F057
:102F9800D1F800BF08000000034A536823F0020379
:102FA80053600020704700BF002004E0EFF3118059
:102FB800102383F31288BFF36F8F094B1A683AB94D
:102FC800084A116841F4807111601168C905FCD57F
:102FD8001A6801321A6080F31188BFF36F8F704747
:102FE800940A00200004005810B5EFF31184102350
:102FF80083F31288BFF36F8F134B1A68C2B9BFF3FC
:103008005B8F124B012253E8001F002903D143E8CC
:1030180000200028F7D1BFF35B8F04D10C4A0D487C
:10302800022105F08FFE84F31188BFF36F8F10BD66
:10303800012A01BF08490A6822F480720A601A68E6
:10304800013A1A60EFE700BF940A0020900A0020B6
:1030580097B90008A4A9000800040058084B1A688A
:1030680042F400721A601A6842F480621A601A68A0
:1030780042F480721A60034B034A1A60704700BF1B
:10308800004000581401002000093D002DE9F047D8
:10309800DFF85880044607464FF0010914B938464E
:1030A800BDE8F08794FAA4F5B5FA85F509FA05F3B1
:1030B8002E0108EB05156FEA030A24EA03042B7BAB
:1030C800002BEBD058F806301B694BB94644042254
:1030D80073682846196807EA0A0705F0C3FDDDE7A3
:1030E800284698470028D9D1F0E700BFB4A90008BE
:1030F80030B51049104889B0002206F080FF0F4D06
:103108000F4900220023CDE9062300240E23CDE930
:103118000334CDE901440B4B00944FF44072284628
:1031280003F07AFA0849284606F069FE204609B0F5
:1031380030BD00BF5531000828080020900300204A
:10314800C012002071340008D8B90008014803F003
:103158006FB900BF400200202DE9F04780462048A3
:103168000F4605F057FD0646002832D000252846B0
:10317800BDE8F087237B83B12368DB680BB1204669
:103188009847636883F8069023681B69CBB963681E
:1031980004221968204605F065FD013610345445AF
:1031A800E8D3B8F1000FE2D0002DDFD02846FFF7B2
:1031B8006DFF0546002FF7D00021642006F0BBFE06
:1031C800F2E7204698470028E1D009FA06F31D43A4
:1031D800E3E7044CDFF810A005464FF00109DEE7ED
:1031E800A80A0020B4A90008C4A90008014B53F894
:1031F80020007047D4AC000808B5034608462BB138
:10320800044A136000F074FC002008BD6FF015003C
:10321800FBE700BFC800002010B5044C237813B9A1
:10322800034803F005F90123237010BD4E0E00205A
:103238004002002010B504460B4805F0EBFC5CB1D9
:10324800BFF35B8F094B53E8001F013943E80012B5
:10325800002AF8D1BFF35B8F054806F0DCFE05486D
:10326800BDE8104003F0E4B8A00A0020A40A00203A
:1032780028080020400200200020064BBFF35B8F87
:10328800014653E8000F43E80012002AF9D1BFF3C2
:103298005B8F7047A00A002070B5FFF7EDFF084C60
:1032A800084E0546B44200D370BD63685B792BB104
:1032B80023685B6813B12946204698471034F1E724
:1032C800B4A90008C4A9000810B5044C0449204654
:1032D80005F026FB034B1C6010BD00BF5C010020FD
:1032E800C0AC0008980A00200D4A0E48002310B50B
:1032F80013700D4A13600D4A4FF47A711360FFF78B
:103308007BFFFFF7E1FF0A4B0A4918468B4200D3BF
:1033180010BD1A1A5C681211013222711033F5E7D8
:103328004F0E0020378C0008A00A0020A40A0020B5
:10333800B4A90008C4A900080146002201480023D6
:1033480005F00FBB5C010020014805F0A8BB00BFD9
:103358005C010020024B0146186805F0F4BB00BF71
:10336800980A0020014805F029BC00BF5C01002034
:1033780070B5264B1878002846D0FFF7E5FF0546BC
:1033880000283ED1224B234C1B68002B12DD06F08F
:1033980034FE0A220023FDF71BFED4E90032C01ACE
:1033A80040F2E93361EB0201984271F1000101D367
:1033B800FFF772FFD4E9003213F57A7342F1000285
:1033C800C4E90032BDE87040FFF7CCBF63685B79A1
:1033D80023B1236829461B68204698471034B44215
:1033E800F4D32846FFF7B6FFBFF35B8F0A4B53E8C9
:1033F800001F013943E80012002AF8D1BFF35B8FA0
:10340800C0E7064C064EEAE770BD00BF4E0E00202E
:10341800A00A002020080020A40A0020B4A900085F
:10342800C4A9000870B50D4D297861B90120FFF7CE
:1034380093FE0B4C0B4EB44206D3FFF799FF0028BE
:10344800FBD101232B7070BD63685B791BB12368C6
:1034580020469B6898471034EDE700BF4F0E0020C8
:10346800B4A90008C4A9000800212DE9F0470846BE
:10347800FFF772FE044658B34FF4FA784FF000098C
:1034880006F0E6FF1B4B1C4A1B58136033B11B4B5D
:103498001B68092B02DD1A4802F0CAFF194FDFF832
:1034A80060A0002544B12046FFF7F0FD044618B996
:1034B8004FF0FF384FF0FF39FFF75AFF064628B99B
:1034C800B5B942464B46504602F0E6FF3546E9E7B5
:1034D8004FF0FF384FF0FF39D2E72B689B691BB1DB
:1034E80000221146284698471035BD42F5D3E8E733
:1034F800054DFAE7080000009C0A0020A40A0020F5
:1035080040020020C4A90008B4A9000813B518484F
:1035180005F080FB174B1B7873B1EFF31184102370
:1035280083F31288BFF36F8FFFF722FF84F31188AC
:10353800BFF36F8F02B010BD0F4B1B68002BF9D083
:1035480050B900220023CDE900230C4842F2107242
:10355800002303F007FEEDE70928EBD1074806F042
:103568005AFD074802B0BDE8104002F061BF00BF35
:10357800A40A00204F0E00209C0A002028080020E2
:103588004002002010B5064B1B68044698472146A8
:10359800A060044805F064FABDE81040FFF7B6BF24
:1035A800C80000205C010020044A054B9B1AB1EBBF
:1035B800D30F34BF52F83100002070472CA90008FF
:1035C800B4A900082DE9F04F8FB004AFC1F34A2821
:1035D800B8600D4691467B600C0DB8F1000F63D0C2
:1035E800002607F114034FF0040B4FF00A0AC7F83E
:1035F8000C80C7E907667E620193CDF808B0CDF864
:1036080000A007F11C03F96832464846FFF7BEFAE6
:10361800B0F5006F03461CD36C468AB0D9F8041085
:1036280004AB2648C3E9050140F2FF71D9611A4687
:103638004FF400711984224B42F8103F2148334659
:103648004FF41251FFF7BEFFA5462C37BD46BDE823
:10365800F08FC0F30A0804F11700184420F007009F
:1036680080083B60FFF768FE68F35325044690B175
:103678003B68154AC7E9083600F1100107F1140341
:10368800F961CDE900A3CDF808B0F96807F11C038A
:103698004846FFF77BFA68F353257B68B9682A46E2
:1036A800204605F0FFFAD0E704F1170020F00700E4
:1036B8008008FFF741FE0446EDE700BFEDB90008BA
:1036C800040000016CA900087F8C00082DE9F04F68
:1036D80087B0DDE91279DDE9105A04460391934673
:1036E8009846BFB1CDF800903B46524610210020C5
:1036F800CDF81490FFF778F8B0F5006F06460AD3B6
:10370800184A194840F2FF73022107B0BDE8F04F8C
:1037180005F021BB3E4605F11700304420F00700B4
:1037280004F007048008FFF707FE0BF0070BE4001E
:1037380044EA8B1444EA462444EA0554054640B159
:103748003FB1CDF800903B46524631461030FFF766
:103758004BF8039943462246284607B0BDE8F04F88
:1037680005F0A0BA2CBA00086CA90008406820B17E
:10377800034BC01A40F3CF0070474FF0FF3070473B
:103788002CA900080EB403B503AB014653F8042B6B
:103798000448019300F046FF02B05DF804EB03B063
:1037A800704700BFC18D0008CA0605D48B064CBF00
:1037B80002490349FFF7E6BF704700BF46B2000859
:1037C80064BA00082DE9F04F89B09B46149B069314
:1037D8009DF84CA0159B0593169B179E04930446D1
:1037E8000D469046BAF1000F00F09D8006F48073F4
:1037F800079305F035FA06F00209024600283ED084
:1038080091492046FFF7BEFF0746B9F1000F08D0DF
:1038180016F0440F35D18D492A462046FFF7B2FFEE
:10382800074406F0010353B1894B8A4953F82A200B
:10383800894B2046002A08BF1A46FFF7A3FF06F463
:103848008073002B49D006F00803002B63D1B8F130
:10385800000F66D0814942462046FFF793FF054690
:10386800069B3D44002B6DD1049B002B73D1F307BD
:1038780000F1E48031462046FFF796FFD8E007467E
:10388800C3E7774B18680028CAD0764B4FF47A798B
:103898001B68B5FBF3F54FF46163B5FBF0F100FB72
:1038A800115509FB05F54FF03C0CB1FBF3F203FB96
:1038B8001211B5FBF0FEB1FBFCF300FB1E550CFB2F
:1038C800131109FB05F50091B5FBF0F56649CDE943
:1038D80001E52046FFF756FFA2E706F00803EBB123
:1038E800624B634953F82A202046FFF74BFF0546F1
:1038F800B8F1000F05D0594942462046FFF742FF6C
:103908000544BBF1000FABD05A495A462046FFF791
:1039180039FF0544A4E74FF0000BE1E706F008057E
:10392800E6E745469CE7BBF1010F069B06D1002B55
:1039380064D1049B002B7BD000250CE0002BF8D031
:103948004D485CE04D48069B4D49224604F080FEF8
:10395800049B002B68D0DFF82C81DFF82C91049FA2
:103968003146102F204628BF1027FFF71DFF4FF0C4
:10397800000B5D4545DC059B49461A782046FFF754
:1039880001FF4FF0010B1BF0070F03D14146204602
:10399800FFF7F8FE5F453BD9059B494613F80B2016
:1039A8002046FFF7EFFE0BF1010BBBF1100FEAD138
:1039B800364920464FF0000BFFF7E4FE5A46059BB8
:1039C8009A5CA2F120015F2928BF2E2230492046A7
:1039D800FFF7D8FE0BF1010BBBF1100F1DD01BF048
:1039E800070F03D141462046FFF7CCFE5F455A46F4
:1039F800E5D841462046FFF7C5FEEBE71F48554688
:103A0800A1E741462046FFF7BDFE0BF1010BB0E7E9
:103A180020492046FFF7B6FEC5E7059B3B440593C2
:103A2800049BDB1B04939AD1BAF1000F7FF41FAFFC
:103A3800204609B0BDE8F04F05F0B1B9064A05497E
:103A48002046FFF79FFE15E76CBA000870BA000819
:103A5800E4AC000895BA000867BA000898BA0008EC
:103A6800B00A0020AC0A002079BA0008F8AC0008B7
:103A78009CBA0008A2BA0008F78D0008C18D00089A
:103A88002D460008AFBA0008A7BA0008B1BA000866
:103A9800B3BA0008ADBA000873B542F20F738B428F
:103AA80028BF0B4605680F4A04460521684603F0FF
:103AB80097FB63680C495B6806460B22284605F0AD
:103AC80060F963683246694628465B6805F059F92B
:103AD800636806495B681B22284605F052F902B064
:103AE80070BD00BFC3BB0008D2BA0008B6BA000850
:103AF800074A00210123904206D8064A01B901234A
:103B08001360054B1860704740085B000121F2E71D
:103B180040420F00AC0A0020B00A0020F8B5074F59
:103B28000D4604464618B44201D12846F8BD14F89B
:103B3800011BBB6801485B689847F4E7DCA50008EF
:103B4800014B03600020704740AD000808B50348EA
:103B5800034A0021121A05F0C6F908BD50020020D8
:103B6800540E00200748084A084908B5121A05F0FB
:103B7800BCF90748074A0849BDE80840121A05F089
:103B8800B4B900BF0000002050020020F0C50008B2
:103B98000000002000000020F0C500082DE9F047D3
:103BA800064600AF0C46002936D0E9468AB0D1E96E
:103BB8000012A3686D462148A8464FF0050AC5E9DA
:103BC8000501C5E9072348F810AF1D484246002300
:103BD8004FF42151FFF7F6FCCD46D4E9031263698F
:103BE800AD461848C5F810A0C5E90501C5E9072381
:103BF8001348002342464FF42151FFF7E3FCCD461A
:103C0800E369114A0E48012105F0A5F8A3690F4A96
:103C18000B48012105F09FF8012E07D1EFF305832A
:103C28000B4A0748103B314605F095F821463046C7
:103C380002F0AAF9BD46BDE8F08700BF18BB00082E
:103C48008CA9000847BB000876BB000885BB0008A4
:103C5800B3BB000830BFFFF7FDBF00BF2DE9F0413F
:103C68000B4EDFF8308006EB0807CC1B05463246C2
:103C78000949204606F0EBF9A01942460021083C04
:103C880006F0F3F9C5F8804007F10800BDE8F081B7
:103C98000000000004000000C4A90008054B5A6990
:103CA8009B689A421FBF044A536843F0805353608D
:103CB800704700BF800C002000ED00E070B5244C78
:103CC80006460D462348244905F01CF9A36AD90481
:103CD8003CD52048214905F015F91720A36A1A0593
:103CE80004D51C481E4905F00DF91820184CA36A84
:103CF8009B0512D51B49174805F004F9A36BA26A66
:103D0800110409D5184A1348012105F024F81EB1F9
:103D1800A36A23F40043A36219200D4CA36A5A0531
:103D280004D50C48114905F0EDF81A20A36ADB0503
:103D380004D508480E4905F0E5F81B20044A936AA3
:103D480043F47F43936200232B7070BD1620C5E7B0
:103D580000ED00E08CA90008C6BB0008DCBB000829
:103D6800EDBB000800BC000819BC00082EBC000808
:103D780049BC000810B5204C2049214805F0C2F87C
:103D8800A36A990136D51E481E4905F0BBF81E20C6
:103D9800A36ADA0104D51A481B4905F0B3F81F20B5
:103DA800154CA36A1B0304D51548184905F0AAF851
:103DB8002120A36A590304D51148154905F0A2F832
:103DC80022200D4CA36A9A0304D50D48114905F029
:103DD80099F82320A36ADB0304D509480E4905F0A6
:103DE80091F82420044A936A6FEA03436FEA134365
:103DF800936210BD1D20CBE700ED00E061BC000818
:103E08008CA9000879BC00088CBC0008A6BC000876
:103E1800C4BC0008E9BC000803BD00082DE9F8434C
:103E28002F4D804689462F482F49174605F06AF8D6
:103E3800AB6ADA0627D52D492A4805F063F811241C
:103E4800AB6A1B0704D52A49264805F05BF81224FB
:103E5800234DAB6A9E0718D52649224805F052F82B
:103E68006E6BAB6A1C0637D5234A1E4833460121C0
:103E780004F071FFB9F1000F03D0AB6A23F080039F
:103E8800AB62132403E01024DAE76FF01506144D33
:103E9800AB6AD80704D51949124805F033F8142439
:103EA800AB6AD90602D4AB6A9A070BD50C4B5B6890
:103EB8001B0507D54146304600F0E6F910B180F3FE
:103EC80009880224064A936A43F0FF039362002399
:103ED8003B702046BDE8F8836FF01506D1E700BFB8
:103EE80000ED00E08CA900082EBD000844BD0008C4
:103EF800EDBB000877BD00088FBD0008A5BD000810
:103F08002DE9F041664B8AB0D3F8048000AF04462F
:103F1800C8F30805002686F31188BFF36F8F02F0F7
:103F28007F43B3F17F4F07D102F00C03082B12D166
:103F38005C495D4804F0E6FF002634460023FB7127
:103F4800EB1E092B00F28A80DFE803F00A80837CED
:103F580088888888888610074CBF0C460126EDE7BC
:103F6800524951484E4D04F0CDFF0023FB71EB6AD6
:103F78009A0705D54E494C4804F0C4FF002332E0A7
:103F8800EB6A002B01DA4B49F5E7EB6A5B00F5D5E4
:103F98004949454804F0B6FF6B69A26943F4807348
:103FA8006B61BFF34F8FBFF36F8F6B6932F8022CD1
:103FB80023F480736B61BFF34F8FBFF36F8F4DF6A0
:103FC80002739A4208D0AB6ADBB273B3FA1D0121BF
:103FD8002046FFF723FF37E02368384A324801219B
:103FE80004F0B9FE2368FA79DAB907F1080504F193
:103FF800200C206861682A4603C2083464451546C7
:10400800F7D17A6A002E45D0C2F3080121B96FEAC8
:1040180052226FEA42227A6207F108011846FFF736
:10402800BDFD2837BD46BDE8F081AB6A13F47F4F6C
:1040380004D0F91D0120FFF741FE05E0AB6AB3F596
:10404800803F9BD3FFF796FE0346CCE7FA1D00217D
:10405800BEE7F91D0020EEE719498CE7194A1A4B0B
:1040680018F4F87FE8468AB018BF13466A4617491D
:10407800C2E905134FF400731384103D144BD56146
:1040880042F8103F084800234FF41151FFF79AFAFD
:10409800C54673E722F4FF7222F00102BBE700BFB6
:1040A80000ED00E0F2BD00088CA900081DBE000864
:1040B80034BE000855BE000863BE000882BE000872
:1040C8009EBE0008D9BD0008C4BD0008C2BE0008D5
:1040D80004000001044B5A6942F010025A615A69FF
:1040E80022F008025A61704700ED00E0EFF3088003
:1040F800EFF3098101B57246FFF702FF01BD00BF6A
:104108000A4880F30888102080F3118808484FF483
:104118000461401880F30988EFF3148002210843F2
:1041280080F31488BFF36F8F04F0F4FE802300201F
:1041380000160020084B9B6883420BD1EFF30583E0
:1041480043B1064B5A6842F080525A605A6A22F4C8
:1041580000425A6202F028BD800C002000ED00E009
:1041680015498A684FF030001044EFF3098C80E855
:10417800F01F102080F31288BFF36F8F0F4F4FF09E
:1041880000664A698A603E60D2F880000C4C206064
:10419800D2F884000023C2F8843080F3118804B573
:1041A800104600F0D7F8BDE8044002F1300090E86E
:1041B800F01F8CF309887047800C002004ED00E0A4
:1041C800D80A00201EF0040F0CBFEFF30880EFF3AD
:1041D8000980816911F8021C0229FFD001B57246D5
:1041E80004F085FE01BD00BF40B2002807DB044A89
:1041F8004109012300F01F00834042F82130704735
:1042080000E100E040B20028A8BF00F1604001F1E1
:104218000101B8BF064B4FEA0111ACBF00F5614080
:1042280000F00F00C9B2B4BF195480F800137047EA
:1042380014ED00E0044B054A23F07F039360BFF3BD
:104248004F8FBFF36F8F70470000000800ED00E04C
:1042580042F8203C009B42F81C3C0A49019B42F86A
:10426800183C029B42F8143C21F001014FF0807386
:1042780042F8043C42F8081C0023203A0265C0F8C2
:10428800843070476D2F0008094A0346906870B162
:1042980013F1160F006F05D0A0F140029A4205D81D
:1042A800834203D2814228BF002070470020704714
:1042B800800C002008B515460C4A0D4B9060D0F8CC
:1042C80080201A600E4600F045F82C4686F30988CF
:1042D8000020044B98472046002100220023024C6E
:1042E80020470000398F00086D2F0008800C00203F
:1042F800D80A0020014B10221A61704700ED00E037
:10430800044800231021C21801333E2B82F8001301
:10431800F9D1704700E100E008B5EFF30583064ADC
:10432800103B02EBC30152F8330049688847BDE8E7
:104338000840FFF7B3BC00BF7CA60008024B034A45
:104348000348012100F08AB8000001200000002085
:1043580040AD0008026F054B403A1A60044A4021FC
:10436800C3E901121846012100F082B8DC0A0020D6
:1043780000000B1508B503461048D0F89020C2F38A
:104388000722013A934207D90D480E4A012104F049
:10439800E2FC6FF0150008BDC0F898300A6822F0FA
:1043A8001F021A4342F01002C0F89C208A6842F0AB
:1043B8000102C0F8A0201846EDE700BF00ED00E0BC
:1043C80084A90008D9BE0008F0B50E4685B01F467E
:1043D80004460025B5420DDA606810B397B1431E54
:1043E80018420AD0104A11482B46012104F0B3FCA8
:1043F8006FF01502104605B0F0BD1F28F2D92168EC
:104408000B42EFD12368019304F0A6FDA36801A92C
:104418000343D0B20393FFF7ADFF10F1160FE7D0B7
:10442800421C01350C34D5E7FFBE000884A90008FA
:10443800044B0522C3F89420BFF34F8FBFF36F8F4F
:10444800704700BF00ED00E0BFF35F8F024B002212
:10445800C3F89420704700BF00ED00E010B5034C8E
:1044680001232278FFF7B0FF207010BD510E002005
:1044780008B50B4A00231278FFF7A6FF10F1160FB4
:1044880007D0084A0021D2F89030C3F30723984296
:1044980000DB08BDC2F89800C2F8A0100130F2E7AE
:1044A800510E002000ED00E02DE9F043574858492F
:1044B800D0F890300D68C3F307239D4285B000F211
:1044C800A180FFF7C1FF49680022954201F10C0164
:1044D8001AD1504C504F25706846FFF731FBDFF872
:1044E8003C81DFF83C9106460025AE421FD1237877
:1044F80046490020D1F89020C2F3072293427BDB83
:10450800FFF796FF00204CE0C0F8982051F80C3CCB
:1045180023F01F03134343F01003C0F89C3051F8F5
:10452800043C43F00103C0F8A0300132CDE7009805
:1045380000EB05114FEA051CCB683B40B3F5000FB3
:1045480044D00AD8B3F5001F2ED0B3F5800F34D06D
:10455800B3F5801F10D00135C7E7B3F1807F3ED097
:10456800B3F1007FF7D150F80C3088684A6804F03E
:10457800F3FC40F4802009E050F80C3088684A6861
:1045880004F0EAFC40F0885040F43020039001A980
:104598002078CDE90123FFF7EDFE002828DA6FF037
:1045A800150005B0BDE8F08350F80C3088684A68FB
:1045B80004F0D2FC40EA0800E8E750F80C308868BC
:1045C8004A6804F0C9FC40EA0900DFE750F80C30FB
:1045D80088684A6804F0C0FC40F08270D6E750F85A
:1045E8000C3088684A6804F0B7FC40F08870CDE762
:1045F800237801332370AEE7C1F89830C1F8A000E2
:10460800013377E74FF0FF30CBE700BF00ED00E064
:104618004CAD0008510E00200000F0FF000008110A
:1046280000000206F0B587B007460E461446002182
:10463800102268461D4605F018FD02238DF8023049
:104648002A46054B019321466846CDE9047602F0D7
:104658008DFE07B0F0BD00BF818F000808B5024B82
:104668001B689847002008BDE80A0020034B044A4D
:104678001860937843F0020393707047E80A0020AB
:10468800D400002008B50649064821F00701C1F109
:10469800005202F5803203F09EFF002008BD00BFE3
:1046A800C7230020EC0A0020044B184400230133E0
:1046B800994200F8012BFADC704700BF3101002055
:1046C8002DE9F041104F054600264FF001086B78A0
:1046D800F4B2A34201D8BDE8F0812B781C442046EF
:1046E80000F0CEF868B1204600F0EAF857F8343008
:1046F8003BB107EBC40204F01F04516808FA04F048
:1047080098470136E3E700BFF80A0020034670B176
:10471800B0FA80F2C2F11F02D2B206498856064AA0
:10472800D2F880100B43C2F88030FFF75DBDFF223E
:10473800F3E700BF3101002000080058034AD2F80F
:10474800803023EA0003C2F8803070470008005820
:10475800032921D8DFE801F0020C10190F4B1A6861
:1047680022EA00021A605A6822EA00025A60704778
:104778000A4B1A680243F5E7084B5A6802435A6025
:104788001A6822EA00021A607047044B1A6802434A
:104798001A605A6810435860704700BF00080058F4
:1047A80030B5B0B1B0FA80F3C3F11F03DBB20B48E8
:1047B80050F833408C4204D100EBC3056D68954234
:1047C80005D044B940F8331000EBC3004260002024
:1047D80030BDFF23EBE76FF00F00F9E7F80A002080
:1047E80060B1B0FA80F3C3F11F03DBB2044A0021C1
:1047F80042F8331002EBC30251607047FF23F5E71C
:10480800F80A002000F00302043292000F239340BC
:1048180043EA900000F003030233064A52F82320CB
:10482800030C02EA104093FAA3F3B3FA83F3D840D7
:10483800704700BF0000014013B50E4C204605F03C
:104848008EFA40B90C480D4A012104F07BFA6FF04A
:10485800120002B010BD4FF480735422CDE900233A
:10486800A3681B681BB1694620469847F1E76FF0BB
:104878005700EEE7FCA400083CA9000846BF000862
:1048880000F01F0201213F2808B501FA02F2034691
:1048980005D90848084A04F05EFA002008BD074B0D
:1048A8001F2894BFDB68DB6A9A430CBF01200020F5
:1048B800F4E700BF3CA9000865BF000800080058DD
:1048C80000F01F0201213F2808B501FA02F2034651
:1048D80006D90748074A04F03EFA6FF0150008BDEC
:1048E8001F28054B02D8DA600020F8E7DA62FBE7F8
:1048F8003CA9000865BF000800080058F8B54668DC
:1049080096F83C30DB0609D40B799F0606D5394961
:10491800394804F0B3FB6FF01500F8BD0B78092B8C
:1049280001D03649F4E74B78042B01D03449EFE73E
:104938000C7949883268056904F01F04E9B143F627
:10494800FF73994222D08B0B032B05D02D492A489F
:1049580004F094FB2C49DBE7DFF8B0C006F126072A
:10496800002337F8020F40EA0C0080B2814205D0DC
:104978000133082BF5D12649E9E70B4696F938109B
:10498800012905DC002933DB0020C6E70723F5E70A
:1049980002292DD195F9A6104E1C01D099420ED1AD
:1049A80085F8A63051694FF48070A04021EA0001D3
:1049B8005161516921F007010B435361E4E795F90F
:1049C800A710481C01D0994210D185F8A730556925
:1049D80010484FF48071A14068400140694051611E
:1049E800516921F0700141EA0313E6E70A49AEE78D
:1049F8000A49ACE7A5BF00082CA90008D5BF0008E4
:104A0800EABF000804C00008B1C0000800C0FFFFEA
:104A18002CC0000804FFFF034FC000087BC000083B
:104A280038B5314C2368DA0605D510232F493048AC
:104A3800236004F023FB23685B0745D5226C2D4CCB
:104A4800D4F89430991CC4F894101A8094F8A530BE
:104A580094F8A4200133DBB29A4284F8A5302546A5
:104A680032D1002384F8A530636E9BB3E36FB4F8AA
:104A780088203BB1204804F164019847012811D0EF
:104A8800022822D0B4F88830B4F884209A421CD97D
:104A98000133A4F88830A36F4BB9BDE838401548F6
:104AA80004F0FDBAD4F89830C4F89430F3E7BFF3B3
:104AB8005B8F55E8003F5A1E45E800210029F8D1D0
:104AC800BFF35B8F012BE8DC38BDA36F13B10B4834
:104AD80005F0A1FA4FF6FF73A4F8A6300848BDE820
:104AE800384001F0A5BC00BF00240140C7C0000841
:104AF8002CA90008000000201CA6000808000020BF
:104B08005000002073B5466835680446284604F00E
:104B180005FB606804F0B6FA96F83C309B0602D5AF
:104B2800606804F0AFFA0D4861688368DB68083193
:104B38007BB90B490B4804F0A1FA019B1BB90A4940
:104B4800084804F09BFA284602B0BDE8704004F01B
:104B5800CCBA01AA98470028EFDAEAE7FCA40008D3
:104B680040C100082CA900085AC100082DE9F74FD8
:104B780046680769D6F800800546DFF834A1504634
:104B880005F0EDF848B94B494B4804F077FA6FF057
:104B98001204204603B0BDE8F08F4FF6FF73C7F844
:104BA8009050A7F8A6306C68DAF808B02146DBF810
:104BB800003051F8089B5BB350469847024638BB13
:104BC80094F83C30D9071AD494F83C309A0708D5A1
:104BD800DBF8183004F11801D3B1354800229847A2
:104BE800B0B9226A22F00043B3F1804F28D1D9F836
:104BF800103023F040431343C9F8103008E0DBF8C5
:104C0800183004F110011BB1504698470028DBD03A
:104C1800706A01AA002104F018FE041E07DB019B3C
:104C280000221979186800F023FD041E18DAA31C65
:104C380016D0224A20482346012104F08CF8A8E720
:104C4800B2F1004FD3D01E49D1F8083723F47013BE
:104C58001343C1F80837D9F8103023F04043CBE7A5
:104C680096F93B3083B1D8F8083023F0104323F08D
:104C7800170343F08053C8F8083096F93B30012BEE
:104C880002D1142005F045F8736803B19847284607
:104C9800FFF738FFD8F80C3023F45C63C8F80C3001
:104CA800BB6C1BB907F1400001F0C2FB002470E7A0
:104CB800FCA400086EC100082CA900088DC10008DA
:104CC800002001402DE9F04F036985B006460D46E6
:104CD80003F140084FF0FF324FF0FF33404601F038
:104CE800DBFB73683469D3F80090AB68C4F8943080
:104CF8006F68C4F8A0703846FCF78CF9002384F874
:104D0800A40084F8A53067B98249834804F0B6F94D
:104D18006FF01504404601F08BFB204605B0BDE856
:104D2800F08F7268106892F93D103C328B4202DBBA
:104D380011D17A49E9E752F8047F95F810C0BCEB25
:104D4800D74F32D1FBB2FF2BC7F30422C7F3423B44
:104D5800C7F3024A2BD133697068D3F8A0204FF00B
:104D6800010C0023002A3BD190F939204AB9026886
:104D7800C3F31103936213689904FCD54FF40053ED
:104D8800136094F8A4202B68520013B19B8903FB8D
:104D98000222EB6893422FD25F4800920121604AB9
:104DA80003F0E3FF6FF00B04B4E70133BEE7C35829
:104DB8000392D3400BEA03039A45CCD004F0AEF932
:104DC8007368039A196807F0FC070BFA02FBCB59C2
:104DD8000AFA02FA23EA0B0343EA0A03CB51BAE7B9
:104DE80092FAA2F1B1FA81F10CFA01F747EA81616E
:104DF8000B4322EA0702B5E7D6F804B095F811A0EC
:104E0800DBF80000BAF1000F55D10369DA0705D5C0
:104E180004F084F9036923F001030361AB7C13B147
:104E28003046FFF76FFE484604F05FF91023C9F8D3
:104E38000030D9F8043043F00403C9F804302F4691
:104E48000FCF04F164060FC63B6833600026266660
:104E58002B68002B5AD00FCB04F1780585E80F009A
:104E68006566A4F88860002850D0BFF35B8F54E8CB
:104E7800003F44E80062002AF9D1BFF35B8FA06FBE
:104E8800633046F1000164220023FCF7A1F80022F8
:104E9800CDE90001002304F1080002F063F94FF0A6
:104EA800FF324FF0FF3304F1500001F0F5FA00B182
:104EB8002066246E2EE7BAF1080F25D80369DB07B0
:104EC80005D404F02BF9036943F001030361154B82
:104ED80053F82A709BF93A30012B9FD1124B53F8A3
:104EE8002AA0036903F01C039A4504D1036903F45B
:104EF800F0739F4292D004F011F9036947EA0A0758
:104F080023F4FE733B4388E70849FEE6204604F095
:104F1800C6F8C4E7ABC100082CA90008C0C1000846
:104F2800D3C1000800AE0008DCAD0008F8C10008D5
:104F380038B5294B18680B88C3F30B030B2B0D46A8
:104F4800144622D813B96FF085002FE0013B0A2BD5
:104F5800F9D801A252F823F0A94F0008CB4F000856
:104F68008D4F0008C34F0008C74F0008A94F00081D
:104F7800A94F0008A94F00084F4F0008B74F000875
:104F8800B74F00084FF4FA400AE003F6B873C3F3CA
:104F98000B031C2BD7D8114A22FA03F3DB07D2D50F
:104FA80020602B68B3F5805F0ED2002038BD00F07A
:104FB800E1F8062358434008F2E70948F0E70020E3
:104FC800EEE74FF40040EBE7C3F313330133B0FBD4
:104FD800F3F02060E9E700BF14010020110111116E
:104FE8000024F40070B5604D04F040F9284604F040
:104FF8003CF900F0F9FE4FF0B0435C4AD3F80831B1
:1050080003F00F0352F823601368B0FBF6F6B5FB04
:10501800F3F5AE4202D2284600F054FF04F09BF8A4
:10502800012809D04FF0B042136843F4807313602D
:1050380004F091F80128FBD14FF0B044D4F8943033
:1050480043F00103C4F89430D4F894309B07FBD59F
:10505800FDF7ACFFD4F8903043F00103C4F890306A
:105068004FF0B043D3F890209407FBD5D3F89020A5
:1050780042F08002C3F890204FF0B044D4F890304A
:105088001805FBD5FDF7B0FFA36803F00C030C2B44
:105098001CD104F060F8012807D0236843F480731A
:1050A800236004F058F80128FBD14FF0B0439A6808
:1050B80022F0030242F001029A609A6802F00C02A0
:1050C800042AFAD19A6822F0F0029A604FF0B044AC
:1050D800236823F08073236023689901FCD4E36874
:1050E80023F0606343F00073E360E36843F0807388
:1050F800E36000F043F8236843F0807323604FF0C7
:10510800B0431A689201FCD59A6822F0F0029A60BE
:105118009A6842F003029A604FF0B042936803F035
:105128000C030C2BFAD1AE4202D3284600F0CAFE7B
:105138000F4B0D4A1A604FF0B04300209A6822F4D2
:10514800E0629A609A6822F460529A60D3F8082163
:1051580022F0F002C3F80821D3F8082122F00F0248
:10516800C3F8082170BD00BF006CDC0248B000081D
:1051780014010020004870470024F4004FF0B043A9
:105188000549DA681140054A0A43DA60DA6842F0EC
:105198008052DA60704700BF8C80FF1F0206002033
:1051A80008B5074804F0DBFD38B10648FFF75EFA9A
:1051B8000448FDF7D1FE002008BD6FF01200FBE7A0
:1051C800DCA50008D15100080A2838B5074D044667
:1051D80004D1AB680D215B6828469847AB68034843
:1051E8005B68E1B29847204638BD00BFDCA50008DF
:1051F8002DE9F843D0F80480D0F81090D8F80800CA
:1052080017460D461E4603F00BFFB7F5001F044670
:1052180016D12846D8F80840FFF7F4FA84420CD192
:10522800294603F0FDFE0446FFF788FA2046FFF7FB
:10523800D7FA00212046FFF78BFA0020BDE8F88353
:10524800B7F5800F20D0B6F1806F19D0B6F1C06FD6
:1052580018D0B6F1007F1AD1022610494A462046D6
:10526800FFF79EFAB0B9D8F80810284603F0DDFE1B
:1052780020463146FFF76CFA2046FFF747FADCE78D
:105288000126EAE70326E8E76FF08500D6E76FF026
:105298001500D3E76FF00F00D0E700BFE3940008D4
:1052A80038B50369044658600A4D284604F057FD8E
:1052B80060B1AB6861681B680C3123B12846984718
:1052C80000EAE07038BD6FF05700F9E76FF01200A0
:1052D800F8E700BFFCA4000808B5044A0448012107
:1052E80003F030FD6FF0040008BD00BF6DC2000878
:1052F80054A9000898B542680369D26883F8521027
:1053080000AF29B9136823F440131360BD4698BD54
:105318006C468AB003686A460848D161C2E9050349
:105328004FF400731384064B42F8103F05480023DE
:105338004FF41151FEF746F9A546E7E78BC200087E
:105348000400000154A90008F7B50446436806693B
:105358001C48DD680F4659688368DB6800220192A3
:105368004BB9194A1948012103F0ECFC6FF0040409
:10537800204603B0F0BD01AA98470028F1DB376248
:1053880006F110074FF0FF324FF0FF33384601F0B7
:1053980083F82B6823F001032B60204696F85210FF
:1053A800FFF7A8FF2046019900F0B6F896F85130AB
:1053B80004461BB12B6843F001032B60384601F00B
:1053C80037F8D5E7FCA400089FC2000854A90008D4
:1053D80070B50446466805694FF0FF32002128463B
:1053E80004F0EAFC336820469847002385F85030DB
:1053F80085F852300122114605F1100004F0DCFC5A
:10540800224804F0ACFC40B9214A2248012103F0AB
:1054180099FC6FF01204204670BD204600F048F851
:1054280033691D4A934224D018D81C4A934222D08B
:105438001B4A934221D001211A4A164803F082FCE4
:105448000021204641F01001FFF77EFF041E18DA04
:10545800154A1048012103F075FCDCE7134A934212
:105468000DD002F5C31202F520629342E3D10A215E
:10547800E7E70621E5E70221E3E70421E1E7082160
:10548800DFE7012385F850300024C4E7FCA40008B6
:105498006EC1000854A9000840420F00A086010010
:1054A800801A0600CDC20008E8C2000840E13300B7
:1054B80037B5456801AA6869002104F0C6F9041ED9
:1054C80007DB019B00221979186800F0D1F8041E47
:1054D80008DA0D4A0D482346012103F03CFC20461A
:1054E80003B030BD0A48696883681B683BB9094A3C
:1054F8000648012103F026FC6FF00404EFE7984703
:1055080004460028EBD0F2E729C300085CA900088C
:10551800FCA4000847C300082DE9F84F4768D0F8F5
:105528001090D7F80C80484A484B0C460025F9697A
:10553800A9420FD8D9F82030C3F34203012B45D034
:10554800022B72D0424A4348012103F0FBFB6FF063
:10555800150028E0D7F818B03F480C266E430BEB2F
:10556800060ADAF80410814226D01ED83B48814248
:1055780024D03B48814223D00121364803F0E2FB86
:10558800314A324B0021D9F82000C0F34200B0EB79
:10559800510F19D15BF80610A14215D1DAF808307D
:1055A800C8F810300020BDE8F88F2E48814209D095
:1055B8009942E1D10A21E6E70621E4E70221E2E780
:1055C8000421E0E70821DEE70135B0E741F25C2C71
:1055D8004FF47A6740F2E2464FF4FA75224B022103
:1055E8004A1EB4FBF2F2B3FBF2F2B7FBF2F0013859
:1055F800FF2823D8BCFBF2FE0EF1FF3EBEF1FF0FE1
:105608001CD8B5FBF2F9B9F10F0F17D8B6FBF2F2B7
:10561800013A0F2A12D802394EEA094343EA0173C4
:1056280043EA025343EA0023BAE740F2145C4FF41A
:1056380016774FF4FA7640F27715CFE70131112942
:10564800CED10A4A7FE700BFCDC20008404B4C00CC
:1056580077C3000864A9000840420F00A086010033
:10566800801A060040E1330000CA9A3BF2C30008E2
:105678002DE9F0471E4F044600EBC1060025B44251
:1056880001D1002014E02068C30600F01F0911D4DE
:10569800656845F02005C0F3481AC0F3442019286E
:1056A80023D857F82080B8F1000F0DD16FF0120001
:1056B800BDE8F087B9F1100F04D0B9F1110FEAD1A4
:1056C8006568E8E73025E6E7404604F048FB00282F
:1056D800ECD04B462A460AF00F01404603F013FF70
:1056E800002804F10804CADAE2E76FF01500DFE7E2
:1056F80004AF0008012912D0022907D089B900682F
:10570800094BC01A18BF0120000370470068064BF8
:10571800984214BF4FF440504FF400507047002097
:1057280070474FF4005070470080004043681B6882
:1057380003F1080252E8002F42F0010203F10800C9
:1057480040E800210029F3D1094A934203D0A2F589
:105758007442934203D15A6842F040025A6053E8B7
:10576800002F42F4807243E800210029F7D17047E6
:105778000038014043681B6803F1080252E8002F13
:1057880022F0010203F1080040E800210029F3D1CA
:10579800094A934203D0A2F57442934203D15A684E
:1057A80022F040025A6053E8002F22F4807243E846
:1057B80000210029F7D170470038014070B51D4617
:1057C800094B002633F812203346FBF701FC090287
:1057D80041EA10616C08000220182A46334641F15C
:1057E8000001FBF7F5FB70BD60B100082DE9F0433F
:1057F80083B043680269D3F8008000AF06460C46C0
:1058080000293FD01068D9688368DB686BB13A1DFE
:105818009847051E0CDA354A3548012103F092FAFB
:1058280028460C37BD46BDE8F0836FF05705F2E710
:10583800304B984549D1D7F80480DFF8BC90002553
:105848002346AAB240460021FFF7B8FFA0F54070F2
:1058580048451AD901350C2DF2D16D468AB0336806
:105868006A462649D461C2E905134FF400731384CC
:10587800234B42F8103F1E4800234FF41151FDF707
:10588800A1FEAD466FF01505CAE71A4EF36A23F07C
:105898000F032B43F3621B4B33F8152000231946E3
:1058A8004046FBF795FB090241EA106163080002D4
:1058B800C01822464FF0000341F10001FBF788FBB6
:1058C800C0F31300F0600025AAE7D8F8003023F4ED
:1058D8000043C8F800307B6803EB5403B3FBF4F3D0
:1058E8000F2BBAD99BB2C8F80C30ECE79FC200085E
:1058F800ACA9000800800040FFFC0F0036C4000877
:105908000400000160B100082DE9F84306460A7951
:105918004068336904685F68012A0D461AD0931EEF
:10592800D3F1000848EB03084FEA88286979FFF7A4
:10593800E1FE95F80690B9F1020F03460DD0B9F1D2
:10594800040F0ED0AAB1033A012A0CD86FF08500D3
:10595800BDE8F8834FF4C068E8E73AB94FF08050E3
:1059680008E0002AF2D14FF4805003E0033A012AFC
:10597800ECD90020B3F5805F30D0B3F5405F2FD06D
:10598800002B0CBF012303239942DFD1414603F0CA
:10599800A7FF8145DAD1EB7963B1012B22D1134BF3
:1059A8009C4207D0A3F574439C4203D003F570537F
:1059B8009C42CBD1236823F001032360294630465B
:1059C80004F008F90028C1DB236843F001032360D1
:1059D80095E8030087E803000020B9E70023D3E730
:1059E8000223D1E7032BDAD0B0E700BF003801402B
:1059F8002DE9F04383B00469466805466A4820608B
:105A080000AF04F0ACF958B9684A6948012103F0BD
:105A180099F96FF0120420460C37BD46BDE8F083B3
:105A28002068F16883681B683BB9624A60480121B5
:105A380003F088F96FF05704EDE79847044600BB78
:105A4800306A3A1D002103F000FF041EE3DB7B6887
:105A5800002219791868FFF70BFE041EDBDBD5F866
:105A680004802B69D8F80040D3F80490236823F009
:105A780001032360D8F8040004F071F948B94E4ACC
:105A8800C3E74C4A4A48012103F05CF9002CC2DB09
:105A9800D6E7D8E901018368DB6803B1984754E881
:105AA800003F43F00C0344E80032002AF7D149468E
:105AB800284604F08FF8002802DA6FF01504AAE7E8
:105AC80098F814301BB1A36843F00803A36098F852
:105AD80015301BB1636843F40043636098F81630CF
:105AE8001BB1636843F48033636098F817301BB1C7
:105AF800636843F40033636098F81830002B3CD097
:105B08002E4B9C421CD0A3F574439C4218D003F53D
:105B180070539C4214D06C4688B02B686A4628495A
:105B2800C2E905134FF400739383264B42F8103FE4
:105B38001F4800234FF4E251FDF744FDA546BCE79A
:105B48006B681A68936843F480439360236898F8F5
:105B5800192023F0787343EA42532360236898F8A6
:105B68001A2023F4F81343EA0243236098F81B3001
:105B78001BB1A36843F40043A36098F81C301BB121
:105B8800236843F000532360236843F00103236034
:105B9800E3699A02FCD5E3695B02FCD5736A28467F
:105BA8009847002437E700BFFCA400086EC100082E
:105BB800ACA900084DC400086DC4000800380140B5
:105BC80088C400080300000110B54FF0E0230F4916
:105BD8009C691A6908689B690D4902F4803234B9D6
:105BE80093B903464AB90A681044C01A10BD002B7D
:105BF80008BF03460AB9A342F5D90A6802440A60F5
:105C08004FF0E0221269EEE70446F3E77C0C00202F
:105C1800700C00200A4B102283F82320094B4FF404
:105C280096521A60084B002018604FF0E02341F2AA
:105C3800BF225A6198611A6942F007021A617047D7
:105C480000ED00E07C0C0020700C0020684620F07D
:105C580007018D4601B5FFF7B7FF0D4B0D4A1868D0
:105C680011680844106000221A600B4A13684FF448
:105C78009651C01AB0FBF1F001FB0033136001F03C
:105C880077F9FEF70BF8BDE801408546704700BF7D
:105C9800700C0020780C0020740C00202DE9F041D5
:105CA800334E91B1421C0AD14FF0E022136923F020
:105CB800010313614FF07F433360BDE8F08134681E
:105CC800012807DC4FF000080BE0431C3468F7D1CB
:105CD80040F6A65040F6A7539842A8BF184600F1D0
:105CE800FF38EFF31185102383F31288BFF36F8F0A
:105CF800FFF76AFF4FF0E023DFF878C09F69DCF810
:105D0800003018441C4B00221A601C4B1A68831A76
:105D18002AD44FF4965E0EFB083303F595531F33D0
:105D2800B3FBFEF1131A0EFB0133B3F5806F144A6F
:105D380038BF4FF48063934228BF13464FF0E022E8
:105D4800336091698F42A7EB010703F1FF3338BF36
:105D58003F195361384400239361CCF8000085F360
:105D68001188BFF36F8FA8E74FF48063E6E700BFA1
:105D78007C0C0020780C0020700C0020740C002093
:105D880080E8FF0038B5EFF31185102383F31288FC
:105D9800BFF36F8F084B1C68084B1B68E41AFFF7AA
:105DA80013FF85F31188BFF36F8F4FF49653204488
:105DB800B0FBF3F038BD00BF780C0020740C002055
:105DC80038B5EFF31185102383F31288BFF36F8F73
:105DD800044B1C68FFF7F8FE85F31188BFF36F8F3B
:105DE800204438BD780C002010B54FF0B0439A68B5
:105DF800D96812F00C0205D00C2A4AD101F003032D
:105E0800012B51D14FF0B0412B480B6813F0080318
:105E180006D00B6813F0080337D1D1F8941007E0C7
:105E28000C68240756BFD1F894300968C3F30323DC
:105E380050F82330002A0CBF184600204FF0B0411C
:105E48008A6802F00C020C2A1ED1CA6802F003020A
:105E5800022A2ED0032A06D10B68184A13F4801F91
:105E6800174B18BF13464FF0B042D068D168D268BC
:105E7800C0F306205843C1F302130133B0FBF3F01B
:105E8800530F0133B0FBF3F010BD0B68C3F30313DA
:105E9800CEE7042A05D0082A06D11B6813F480131C
:105EA80005D006480023C9E700231846C6E704487A
:105EB800C4E7024BD7E700BF08B000080024F4008D
:105EC8000048E8011F4A034607CA84B00DF1100CC8
:105ED8000CE9070018463BB31B4B1B6803F4C0636F
:105EE800B3F5007F22D1194B984229D8184B984214
:105EF80024D9184B98428CBF02200120164904ABC4
:105F080003EB80000B6850F80C2C23F007031343B5
:105F18000B60086800F0070082421CBF086800F0A8
:105F28000700831A5842584104B070470B4B9842F7
:105F380006D80B4B984201D90A4BDBE70020DDE776
:105F48000020F1E7C8A9000800040058006CDC0232
:105F580080A8120100512502004000580024F400D6
:105F6800808D5B00001BB70010B50446FDF75AFA98
:105F78000348044A012102F0E5FE204603F0FAFE38
:105F88008CA90008D5C400082DE9F843044600AFE1
:105F98000D46EFF31188102383F31288BFF36F8F38
:105FA8000428294A98BF294B9668117C94BF53F856
:105FB8002030274BE9468AB06A462648C2E90731AD
:105FC80040F201339384244BC2E9050442F8103FA0
:105FD800224800234FF43151FDF7F4FACD4645B17C
:105FE800EB69C3F3080323B11D4A1C48012102F0E1
:105FF800A9FE2EB1304603F005FF08B1037803B9B6
:106008001848E9468AB06A46174BD061C2E9053696
:1060180040F201331384154B42F8103F00230F4818
:106028004FF41151FDF7CEFA2946CD462046FFF729
:106038009BFF88F31188BFF36F8F3046FEF77AF81D
:10604800BD46BDE8F88300BF800C002088B000087A
:10605800E4C40008FAC40008050000018CA900087F
:1060680022C50008F2C4000843C500080400000166
:1060780038B50A4B53F82040013053F82050A54258
:1060880000D838BD606830B1037FDB0701D403F066
:106098004EFE0834F3E723689847FAE79CB00008F7
:1060A80070B52A4B2A4C2B4D012286B003201A705A
:1060B800FFF7DEFF01F08EF80420FFF7D9FF264630
:1060C800AE4204F1300410D300F074FC204C224E90
:1060D800AC4226D300F082FCFBF726FA1F4A137B5A
:1060E80023F00103137306B070BD54F80C3C0593FC
:1060F80054F8103C049354F8143C039354F8183C97
:10610800029354F81C3C019354F8203C009354E942
:106118000A2354E90C0100F031FA54F8303C5E656A
:10612800CDE7D4E90A23B3F1FF3F08BFB2F1FF3F3F
:1061380005D052EA0301206803D100F00BFD30348A
:10614800C6E73146183000F083FEF8E7520E00200B
:106158006CA800086CA800080B9F0008F008002035
:1061680070B5164E164D1749902386B003FB00668E
:1061780001220023CDE904230F22CDE90232019345
:10618800142303FB005504464FF4A07000FB0411D0
:106198000D4B00954FF48072304600F0EFF9737B99
:1061A8000A4AEE6023F0040373734FF4046304FB9C
:1061B800033313442C746B6006B070BD6008002074
:1061C800800C0020401E00208D9D00080016002035
:1061D800BFB50020FFF74CFF294B83F30888294CF3
:1061E800294F636943F4007363610025F02384F841
:1061F8002230E57725766576A57684F82050636A9F
:1062080043F4E0236362FDF765FFFEF773F84FF090
:10621800FF33A362E362FEF747F9FEF78FF8FDF755
:1062280063F81A481A4C00F023FAFCF717FF01200C
:10623800FFF71EFF0220FFF71BFF00F003FC154BC2
:1062480015495C61154B05930123CDE903534FF4C0
:1062580080623B46CDE901550095204600F08EF955
:10626800627B064622F004022046627303F006FEB3
:106278002846FFF775FF3A4631462046FEF71AF8DA
:10628800401E002000ED00E0A96000088009002001
:10629800F0080020800C0020801F0020CFB90008E3
:1062A8002DE9F341044617461E46EFF311881023E3
:1062B80083F31288BFF36F8FC368334A7BB180685A
:1062C8009168884219D057EA060318D188F31188D3
:1062D800BFF36F8F6FF00F0002B0BDE8F0819168D7
:1062E80091F90E1021610133E3609368A36088F38C
:1062F8001188BFF36F8F0020EEE72169F2E791F96B
:106308000E1090F90E309942A8BF19466FF07E0220
:106318009142B8BF11468B422DDD03F03EFD054684
:10632800CDE9007619482246414600F089FA00284E
:10633800E1D0EFF31186102383F31288BFF36F8F38
:10634800A068D0B1236821699C420AD04BB193F967
:106358000E309942A8BF19466FF07E039942B8BF24
:10636800194603F01AFD40B10848314600F0FCFA1E
:106378006FF00A00B0E70025D2E7002DF4D186F3CC
:106388001188BFF36F8FF3E7800C0020530E0020B5
:10639800F8B583680546002B40D0234A926893429B
:1063A8003FD1C368012B03D9013BC3600020F8BD6E
:1063B800EFF31187102383F31288BFF36F8F0169FE
:1063C800806803F0EAFC2C68AC4207D10023C5E9D9
:1063D800023387F31188BFF36F8FE7E7002CF5D0FE
:1063E800D4E9003213605A60637B002623F002036D
:1063F8006373C4E90066A66004F1180003F0D1FDD8
:10640800AC6094F90E302B612046C4F8886003F024
:1064180035FD0648394600F0A7FAC7E76FF01500C2
:10642800C5E74FF0FF30C2E7800C0020530E002074
:1064380070B5EFF31186102383F31288BFF36F8FC3
:106448000468A0421BD0D4B1D4E9003213605A606A
:10645800637B002523F002036373C4E90055A5603C
:1064680004F1180003F09DFD2046C4F8885003F09D
:1064780005FD31460748BDE8704000F075BAD0E91F
:1064880002329A4218BF0133836086F31188BFF342
:106498006F8F70BD530E002013B5EFF311811024D8
:1064A80084F31288BFF36F8F846844B1013C846021
:1064B80081F31188BFF36F8F002002B010BD52EA3C
:1064C800030406D181F31188BFF36F8F6FF00F00BB
:1064D800F3E7CDE900230246014800F0B1F9ECE703
:1064E800530E002038B5EFF31185102383F312887B
:1064F800BFF36F8F0468A04213D094B1204603F015
:1065080067FC04F1180003F04CFD00232046C4F892
:10651800883003F0B3FC0548294600F025FA00202E
:1065280038BD85F31188BFF36F8FF8E7530E00204D
:106538002DE9F34105460C4617461E46EFF3118830
:10654800102383F31288BFF36F8F0846FFF720FFED
:106558002A46CDE900764146074800F071F905461C
:106568004FF0FF324FF0FF332046FFF799FE2846E1
:1065780002B0BDE8F08100BF530E00202DE9F043C2
:10658800073285B022F007020E461F4610990173A4
:1065980000F158037F32C0E916330446002322F085
:1065A8003F020421836041733F2A0F98A073C4E916
:1065B8000633E37306F14009A2F1400805D883F3D6
:1065C8001188BFF36F8F084602DFB51829462046A9
:1065D800FDF744FB07300E9B20F00700A067C4E9D5
:1065E8001C9802930D9B01932D1A0C9B00932A462D
:1065F8003B4631462046FDF72BFE0023636584F8B1
:106608006C30044B9B6803B1DB6FE367284605B029
:10661800BDE8F083800C0020F0B587B00025059513
:10662800109D04950F9D03950E9D0295DDE9127648
:106638000D9D01950C9D00950446FFF79FFFB6F14F
:10664800FF3F08BFB7F1FF3F05D056EA070305D162
:10665800204600F07FFA204607B0F0BD3A463346A0
:1066680004F11800014900F0F3FBF4E70B9F000860
:1066780040F2011383810023C0E91C33C367014B37
:1066880098607047800C00200A4A93686FF00A01EE
:10669800C3F888100849C3F884004B6843F0805356
:1066A8004B60002383F31188BFF36F8F9368D3F88F
:1066B80088007047800C002000ED00E070B590F96C
:1066C8000D20437B002A36DBD90634D11B4C63F0FE
:1066D8007F032246437352F8183FE169934207D17A
:1066E800C0E900210860E06111E09942F8D01B6818
:1066F800002BF5D090F90E5093F90E60B542F4D006
:10670800AE42F2DD5968C0E9003108605860A569F9
:10671800954200D005B9E568A3685A7BD20604D132
:10672800DA897F2A01D9AA6932B1AB4202D0284658
:1067380000F008FB656170BD6361FCE7800C002018
:1067480038B590F90D20437B002A014604DA03F09E
:106758007F03437303F058FB0D4D2A46AB6852F88C
:10676800184F944200D004B9EC688B4207D05A7B8A
:10677800D20604D1DA897F2A01D9A2692AB1A342B3
:1067880002D0204600F0DEFA23466B6138BD00BF18
:10679800800C0020B3F1FF3F08BFB2F1FF3F03D0E8
:1067A8000249183000F054BB704700BF0B9F000827
:1067B80070B590F90D20437B002A014604DA03F0F6
:1067C8007F03437303F020FB4B7B1C4C63F07F0378
:1067D80022464B7352F8183FE069934207D1C1E94A
:1067E80000200160E16111E09842F8D01B68002B9D
:1067F800F5D091F90E5093F90E60B542F4D0AE423F
:10680800F2DD5868C1E9003001605960A569A368E4
:10681800954200D005B9E5688B4207D05A7BD2066D
:1068280004D1DA897F2A01D9AA692AB1AB4202D0F8
:10683800284600F087FA2B46636170BD800C002063
:10684800F8B50E4B0C4611460D4A98681060DDE904
:106858000667EFF31182102282F31288BFF36F8F5D
:106868009D68284603F0E2FA284632463B46FFF781
:1068780091FF2046BDE8F840FFF706BF800C0020D6
:10688800A00C0020F8B50446EFF31187102383F31A
:106898001288BFF36F8F437B03F01F02002A0CBFDF
:1068A8000126002649B239D103F07F03437303F070
:1068B800ABFA2C4D437B817363F07F032A46437305
:1068C80052F8183F934227D1E869C4E900200460D0
:1068D800EC610FE09842F8D01B68002BF5D093F9D3
:1068E8000EC06145F6D08C45F4DD5968C4E9003125
:1068F8000C605C60AC69944200D004B9EC68AB6889
:106908009C4202D0204600F01DFA6C6187F3118882
:10691800BFF36F8F3046F8BDE869DEE79B071ED5E9
:10692800856803F071FA81732B689D4209D16B6801
:10693800C4E900531C606C60E8E76A689342F6D0CB
:106948001B68002BF3D093F90E209142F5D08A42B0
:10695800F3DD5A68C4E9003214605C60D6E78173DD
:10696800D4E700BF800C002049B9EFF3058030B9A7
:10697800054B5A699B689A4201D0FFF785BE81F39F
:106988001188BFF36F8F7047800C0020034648B909
:10699800EFF3058232B9064A51699268914201D0F3
:1069A800FFF772BE83F31188BFF36F8F704700BF84
:1069B800800C0020EFF31181102383F31288BFF3BA
:1069C8006F8F054B9A68D37B013BD37381F3118892
:1069D800BFF36F8F704700BF800C002070B5EFF3D6
:1069E8001186102383F31288BFF36F8F144DAB68A1
:1069F800DA7B0132DA732A4652F8184F944200D0F3
:106A080004B9EC685A7BD20604D1DA897F2A01D905
:106A1800A2692AB1A34202D0204600F093F9234686
:106A28006B6186F31188BFF36F8FEFF3118010232A
:106A380083F31288BFF36F8FBDE87040FFF7A6BFDE
:106A4800800C0020024B03F11802C3E906227047AC
:106A5800800C002070B5EFF31186102383F31288A1
:106A6800BFF36F8F1B4CA168E0690B68814214BFAC
:106A78001A46002249680B605960A368E1692AB97F
:106A8800154AC3E900210B60E3610CE093F90E009D
:106A980092F90E50A84218D0854216DD5168C3E914
:106AA80000210B605360A5690B4B9D4200D005B9CE
:106AB800E568A3689D4202D0284600F043F9656165
:106AC8003046BDE87040FFF7DFBD8A42D8D0126873
:106AD800D5E700BF800C0020980C0020F8B550EADC
:106AE800010306460C4603D1FFF7B4FF0020F8BDAA
:106AF800EFF31187102383F31288BFF36F8F124DC2
:106B0800124BA8681860FFF71BFEA86810492346B7
:106B18003246183000F09CF9AA68537B43F004030E
:106B2800537304463846FFF7AFFDAB68D3E90A2331
:106B3800B3F1004F08BF002AD8D103F05AFA201A3F
:106B480020EAE070D3E700BF800C0020A00C0020F2
:106B58000B9F000838B50446EFF31185102383F323
:106B68001288BFF36F8F437B5B070FD5183003F094
:106B780018FA637B23F0040320466373FFF79EFD36
:106B880029460548BDE83840FFF7EEBE85F3118871
:106B9800BFF36F8F38BD00BF530E0020014B9868BC
:106BA800704700BF800C00202DE9F8430446077B9E
:106BB800EFF31185102383F31288BFF36F8F437BA4
:106BC800190705D585F31188BFF36F8FBDE8F883E2
:106BD800D90943F008025DD14273A36813B1204676
:106BE80003F01AF904F1180003F0DBF9A66D04F1BB
:106BF8005808B04511D04FF0000976B1304603F07F
:106C08000BF906F1180003F0CCF9C6F88890304665
:106C1800FFF754FDA66DB045EFD1DFF8C080D8F876
:106C280008309C423ED1EFF30589B9F1000918BF3D
:106C38004FF00109D8F81860294A964200D00EB9D9
:106C4800D8F80C60B34202D0304600F07BF82046FA
:106C5800C8F8146002F069F9B9F1000F02D02148B0
:106C6800FFF706FDD8F808309C4231D1EFF30583D1
:106C780073BB227BD20718D42846FFF705FDFB0714
:106C8800A4D5002383F31188BFF36F8F042318461C
:106C980002DF9BE703F07F0343F00803437303F02D
:106CA800B3F89AE74FF00009C4E785F31188BFF3FA
:106CB8006F8F83F31188BFF36F8F0423184602DFA9
:106CC800EFF31180102383F31288BFF36F8FD4E79B
:106CD80085F31188BFF36F8FD1E700BF800C0020C8
:106CE800980C002080090020044BC01A044BC010E7
:106CF8005843044B01221A54704700BF100A002061
:106D0800ABAAAAAA530E0020C3897F2B12D80A4B1C
:106D18001B6863B1094B90F90E201B689A4209DB86
:106D2800437BDB0606D1064BC31A18BF012303F0C9
:106D3800010070470023FAE718010020A40C002086
:106D48006008002070B50E4B0E4C1E7C06EB460307
:106D580004EBC3040546204603F023F90A4B00223E
:106D680028469A55FFF7D0FF48B1084B08491A68DA
:106D7800013A2046D317BDE8704000F069B870BDED
:106D8800800C0020100A0020530E0020180100205B
:106D9800F16C000838B5EFF31185102383F31288DE
:106DA800BFF36F8F104B114A9C681068A04206D140
:106DB800FFF7C8FF85F31188BFF36F8F38BD002137
:106DC8001B7C11600A4AD35C002BF3D02046FFF7E6
:106DD8009BFF0028EED0637BDB0602D12046FFF73D
:106DE800E7FC2046E4E700BF800C0020A00C002050
:106DF800530E0020024B1868984208BF00207047C5
:106E08001C010020034B1B680BB9FEF7BBBF002019
:106E1800704700BFA80C002030B570B10B4B5B6801
:106E280098420AD0036843B1D3E90421D0E9044564
:106E3800121941EB0501C3E90421D0E900321360BE
:106E48005A600023C0E9003330BD00BF1C01002098
:106E5800B3F1FF3F08BFB2F1FF3F2DE9F84F0446F9
:106E6800994615461F467AD08160EFF311881023A2
:106E780083F31288BFF36F8FB9F1000FDFF8E4A036
:106E880020DBFFF7BFFFDAE90027013549F10009E8
:106E98002D1849EBE073C4E90453AD18064643EBDB
:106EA80007074FF00109FFF7A5FFDFF8BCE0DEF8A0
:106EB80004A00346EBB9C4E900EACAF80040CEF8DA
:106EC800044028E0DAE900126FF001035B1A4FF082
:106ED800FF3161EB02025B1B62EB0902012B72F1CD
:106EE8000001BCBF01230022C0E904324FF00009B1
:106EF800D9E7D3E9041CD4E904208A4270EB0C0BCF
:106F080024DA891A5A686CEB0000C3E90410C4E952
:106F1800003214605C60FFF76DFF84420ED1134BA2
:106F28001B685BB9B9F1000F02D1FFF76BFF06468A
:106F3800304603F01FF80021FEF7B0FE88F31188F1
:106F4800BFF36F8F28463946BDE8F88F521A60EBB9
:106F58000C009A45C4E90420ADD01B68AAE70025B7
:106F68002F46EFE7280A00201C010020A80C00206B
:106F78002DE9F047EFF31185102383F31288BFF34F
:106F88006F8FDFF8A490DFF8A480C9F80000FFF73E
:106F980031FF00260027D9F80030D8E900ECD917CE
:106FA80050B1D0E90442A34271EB020A1CDAE41A98
:106FB80062EB0102C0E9044213EB0E034FF0000438
:106FC8004CEB01012046C8E90031C9F8004002F045
:106FD800D1FF2146FEF762FE85F31188BFF36F8F5C
:106FE800BDE8F047FFF7D6BE14EB0E024CEBE47396
:106FF800C0E90467C8E90023FFF70EFF85F311888D
:10700800BFF36F8F83689847EFF31185102383F3DD
:107018001288BFF36F8FD9F800301B1BC9F80030F6
:10702800FFF7E8FEB7E700BFA80C0020280A0020F9
:1070380010B5EFF31184102383F31288BFF36F8F19
:10704800FFF7E0FE054A0346D2E90001181841EBB4
:10705800E37184F31188BFF36F8F10BD280A0020F5
:10706800F8B50646EFF31187102383F31288BFF3B0
:107078006F8F026822B187F31188BFF36F8FF8BD55
:10708800D0E90A54691C44F10003022973F1000392
:1070980034D3013D44F1FF34002CBCBF15462C46C7
:1070A80002F0ABFF013041F10001401944EB01014E
:1070B800012871F100014ADB02F09FFF013041F124
:1070C80000016FF00203401944EB010183426FF0A5
:1070D80000438B4140DB02F090FF013041F1000199
:1070E8006FF00102401944EB01044FF0FF33121A0C
:1070F80063EB04031A493046FFF7AAFE336B0133EA
:107108003363336A6BB187F31188BFF36F8F336AC8
:1071180030469847EFF31187102383F31288BFF3A3
:107128006F8F334653F8184F9C42A4D0002CA2D03E
:10713800204602F0B2FE0023C4F8883087F3118895
:10714800BFF36F8F2046BDE8F84002F097BE6FF09E
:1071580001024FF0FF33CDE700224FF00043C9E7AB
:10716800697000082DE9F04105461C4690461F4607
:10717800EFF31186102383F31288BFF36F8FB4F1F6
:10718800FF3F08BFB2F1FF3F05D186F31188BFF377
:107198006F8FBDE8F081002C09DB012A74F1000330
:1071A800BCBF0122002412F1FF3844F1FF37284602
:1071B80002F0F7FEDDE906010023C5E90A012B63A9
:1071C80042463B4628460249FFF742FEDDE700BF3C
:1071D80069700008014801F093BA00BFA8C500080B
:1071E8000CB430B58BB004460D462022002102A80D
:1071F80002F03BFF02238DF80A30002D0C4B03935D
:10720800069412DB01D06B1E1C440FAA0E9907943A
:1072180002A8019200F0AAF815B1069B00221A7084
:107228000BB0BDE8304002B070470024EDE700BF66
:1072380049A400082DE9F04101260746B24201DCC5
:10724800BDE8F0813B461F4613F8014B002CF7D0F0
:10725800252CF8D11C78252C07F10207F2D0002341
:10726800DFF804819C461D461F2D18D8A4F1200E76
:10727800BEF1100F09D9A4F1300EBEF1090F1ED8C6
:107288000A2404FB03E3202504E028FA0EFE1EF07E
:10729800010F06D017F8014B002CE5D128E07F2D0F
:1072A8001CD8A4F1300EBEF1090FE9D9242C10D155
:1072B800BCF1000F46D0B34246D00023EAE724F0E1
:1072C800040EBEF12A0FF8D06C2C09D145F08005C8
:1072D800E0E724F0040EBEF12A0FEED06C2C22D089
:1072E8006C2C1BD8682C23D06A2C28D04C2C26D088
:1072F800BCF1000FA4D0B445A0D144F02007A7F1F9
:10730800650CBCF1020F0B6801D9612F1ED1073340
:1073180023F0070308330B6001368EE7742CB9D0CD
:107328007A2CB7D0E4E72C0648BF45F40075CDE7C2
:10733800EC0548BF45F4007545F48075AAE745F4A7
:107348002075A7E79C46B8E76324D6E7692C02D0E6
:1073580007D8632C03D02F0601D5AC05D7D4043346
:10736800D9E7732CF6E700BF892801002DE9F04F13
:1073780095B043680393837880469807CDE908124F
:1073880017D50D920B4600251F78A7B1252F16D0CB
:1073980001330793039B414638469847002805F177
:1073A800010580F2398498F8023043F0040388F824
:1073B80002304FF0FF35284615B0BDE8F08F5F78F2
:1073C8009A1C252F0792E5D000242646A246A346FC
:1073D800BBF11F0F32D8A7F12003102B0AD8DFE822
:1073E80003F02409092A0909091B0909092209279F
:1073F80009091900A7F13003092B2DD92A2F39D1F2
:1074080054B90D9B1BF0400F53F8042B0D9329D052
:10741800164601E04BF0010B079B13F8017B07931D
:10742800002FD5D15BE04BF0020B4BF0040BF3E7D8
:107438004BF0080BF0E74BF0100BEDE7BBF17F0FBB
:107448003FD8A7F13003092BD8D81BF0400F03D041
:107458000A2202FB0636DFE70A2202FB0A3A4BF051
:10746800200BD9E7B2F1000AF9DACAF1000A4BF0A9
:10747800280BD1E72E2F05D11BF0400F9BD14BF0E5
:10748800400BC9E7242F1CD1002C00F04281099B36
:107498000D931BF0400F0AD1524608980DA9FFF72B
:1074A800C9FE0D9B1A1DD3F800A00D92B4E7324611
:1074B80008980DA9FFF7BEFE0D9B1A1D1E680D92B8
:1074C800AAE76C2F00F0128100F20981682F00F002
:1074D80015816A2F00F01A814C2F00F0178134B102
:1074E800099B08980D9322460DA9FFF7A3FE002ECD
:1074F80047F02009B8BF2BF0400BA9F16503BCBFCA
:107508001FFA8BFB0026022B40F20881B9F1610FAC
:1075180040F06782FF4307F0200306930D9B073373
:1075280023F007031BF0400FD3E9000103F1080221
:1075380008BF4FF0FF36069B0D9200930EAA334604
:1075480002F0EAFE0130C3B2B3424BF4C0540493D4
:1075580001DB049B5E1E01230E9F0593A3464FF09B
:10756800700907F10903122B0DD907F16303C62B24
:1075780040F20F8107F2E73340F2CE72934294BF94
:107588000323042305939DF83C2002F00C0312F01A
:10759800010240F019811BF0020F40F012811BF02C
:1075A800040400F0F880002B40F0118120231BF424
:1075B800405F1FD1049A5032002E6A4408BF01264A
:1075C800133A049921B112F8011D302900F03681CF
:1075D8001BF0100F049A18BF3246391DC0F23381D0
:1075E800B74280F23081BA424BF4005B40F32D8100
:1075F8007E1C961B1BF400520A9200F0288127EA91
:10760800E774013403B10134002E00F02881721CA4
:107618001444A245CCBFAAEB040400241BF0090FB4
:1076280004D12C44A54240F01F81002443B11846E0
:107638004146039B9847002805F10105FFF6B3AEC4
:107648001BF4006F13D0039B414630209847002855
:10765800FFF6A9AE069BC3F178004146039B00F0F4
:10766800F8009847002805F10205FFF69CAE1BF0CC
:10767800080F05D12C44AC4240F002812546002475
:107688000A9B002B00F01C8127EAE77AA7EB0A0780
:107698007642049BBB4284BF0EABFB180AF1FF3A4B
:1076A80088BF5879039B98BF3020564505F10109DA
:1076B800414600F3EF809847002807F10107FFF6DD
:1076C80072AEBAF1FF3F08D1039B41462E2098477E
:1076D8000028FFF668AE05F102094D46D9E7742F78
:1076E8003FF49AAE7A2F3FF497AEF8E61BF0800F7E
:1076F80018BF4BF4007B4BF0800B8DE61BF4807FAA
:1077080018BF4BF4007B4BF4807B85E64BF4207B61
:1077180082E62646B3465446B2467DE6FF4307F066
:10772800200306930D9B073323F007031BF0400F3C
:1077380003F1080208BF0626B9F1650FD3E9000175
:107748000D9213D1731C0022DBB24BF4805B1446FC
:10775800112BCDE9002428BF11230EAA00F0FCFA52
:10776800C3B2049302230E9F0593FAE6B9F1660F9C
:1077780005D14BF4005B344601221123E8E7F3B24C
:10778800012B4FF0000238BF012314464FF0650962
:10779800DEE70223F6E6002B3FF409AFBAF1030F48
:1077A8003BDC9DF83C30A64E13F0080FA54B08BFF4
:1077B8001E463746B94617F8010BB0BBAE1BB1449D
:1077C8007BE033BB2B23F2E62BBB2D23EFE62022F5
:1077D800BAF1040F13DD1BF0080FAAF104040FD14E
:1077E8002C44039B0492414620209847002805F129
:1077F8000105FFF6D8ADA542049AF2D19AB100244A
:10780800039B414610469847002805F10105C8DA50
:10781800C9E52B22DCE72D22DAE71BF0080FAAF1D5
:107828000304BED1DCE71446BBE7069BC01A4146F9
:10783800039BC0B298470028BCDAB4E50499013923
:10784800C9B20491BDE6561ED4E60026D2E61BF462
:10785800006F059A0CBF032405241444D2E61BF0DC
:10786800100F18BF0134D4E60B934146039B202028
:10787800984700280B9B05F10105BFF6D3AE92E5AA
:10788800039B414630209847002805F10105BFF6C3
:10789800F2AE88E598470028FFF685AD1BF0100F7B
:1078A8000BD0BAF1FF3F08D105F1020941462E205D
:1078B800039B98470028FFF676AD4D464C4433E2CB
:1078C8009DF83D00039B414698470028FFF66BADA5
:1078D800002E69DD039B41462E2098470028FFF6BD
:1078E80062AD4FF0010A049B9A45BBBF0EAB5344EF
:1078F80030205879039B414698470028D346FFF625
:1079080052AD0AF1010A5645EDDA02355D44069B8F
:10791800A9EB03004146039BC0B298470028FFF635
:1079280042AD002FB4BF2D202B20039B4146B8BF8A
:107938007F4298470028FFF636AD059B042B41D1BE
:107948004FF47A79B7FBF9F606F13000039B41460C
:10795800C0B29847002805F10305FFF624AD09FBDE
:1079680016774FF06409B7FBF9F606F13000039B70
:107978004146C0B29847002805F10105FFF613AD4E
:1079880009FB16774FF00A09B7FBF9F606F1300044
:10799800039B4146C0B29847002805F10105FFF650
:1079A80002AD09FB167715E01BF0100F01D1013568
:1079B800ADE7039B41462E209847002805F10205B4
:1079C800A5DAF0E4059B032B05F10205C9D0059B58
:1079D800012BD7D107F1300005F101094146C0B2AA
:1079E80066E7A7F16303122B00F2FF80DFE813F0CC
:1079F80013005700FD00FD00FD00FD005700FD00CD
:107A0800FD00FD00FD00FD001701F800FD00FD0070
:107A18002C00FD00B9000D9B1A1D1B680D928DF8F6
:107A2800383001240EAF1BF0080F2ED03E19B9468E
:107A3800B1452CD1EF1BB944AAEB04043DE700BFC4
:107A4800E3C50008F6BA00080D9B1A1D0D921F68C1
:107A5800AB4B002F08BF1F461BF0400F14BF314629
:107A68004FF0FF31384602F018FB0446DBE7039B72
:107A78004146202098470028FFF695AC013EB442C5
:107A8800F5D35544AD1BB246D0E75646F7E719F88B
:107A9800010B039B414698470028C9DA83E41BF091
:107AA800800F0D9B35D01BF4007F2DD0073323F0BA
:107AB8000703D3E9000103F108020D922BF0100926
:107AC80000291FFA89F936DA404261EB410149F48D
:107AD80080690DF1380B0A235A4602F000FB19F0B1
:107AE800400FA0EB0B0B65D029F001025E4592B266
:107AF80040F3B280002F00F0A98019F0100334463B
:107B0800914626D002345CE01A1D18680D92C11700
:107B1800D4E71A1D1BF4807F19680D9201D108461D
:107B2800F5E71BF4007F15BF48B208B241F3C01156
:107B380041F3C031C2E750EA0103CAD11BF0400F3C
:107B4800C7D0002EC5D12BF0110B1FFA8BF9344684
:107B5800B34640F2064319EA03031CBF013400236D
:107B68002FE02BF0100B1FFA8BFB0A231BF080046D
:107B78000D9A57D01BF400711DBF073222F007027F
:107B880002F10801101D19BF0D91D2E900010D90F5
:107B9800106850EA010252D12BF016091BF0400F71
:107BA8001FFA89F94FD0002E4DD12BF0170B1FFA71
:107BB8008BF9B34619F0100352D0002F4ED10BF1B8
:107BC800010419F0080F5ED119F0010F06D0A24583
:107BD8006EDDAAEB040404EB0B06544622464DE086
:107BE8004BF0100B10237827C0E7B9F1780F04D1B8
:107BF800C7F1780343F01003B8E7039B41462520FB
:107C080098470028FFF6CFAB039B41463846984774
:107C18000028FFF6C8AB0235079BFFF7B5BB082362
:107C28000027A3E7111D0D911BF480711068B0D0D7
:107C38001BF400711ABFC0B2214680B2A9E72BF02D
:107C4800060B1FFA8BF90DF1380B45E729F01109DE
:107C58001FFA89F934467CE79146ABE75C4651E761
:107C68005C4676E7CDE904234146039B20209847EC
:107C78000028FFF698AB049A059B01329245F1DC87
:107C88002C1BA5181446F3B1039B41463020984796
:107C98000028FFF688AB6FB90135A9462E44A6EB3C
:107CA80009035B4521DC5D460EAE5DBBD944C3E6E6
:107CB8005E4693E7023541463846039B98470028BD
:107CC800EBDAFFF770BB40F2064319EA030FE4D082
:107CD80019F0020F14BF2B20202019F4806F05F132
:107CE8000105414618BF2D20E7E7039B4146302098
:107CF8009847002809F10109D1DAFFF754BB00BF02
:107D0800E7C50008013D039B705D41469847002880
:107D1800CBDAFFF748BB039B414620209847002851
:107D280005F10105FFF63FAB631B002BF3DC73E79E
:107D38001FB502AB0093074A4FF0CC3302F0B2FAFA
:107D4800DDE90201C00840EA4170C90805B05DF8E4
:107D580004FB00BFCDCCCCCC2DE9F04F9BB0044642
:107D680005920A460A93C2F30A559DF890300B9380
:107D7800D20FC1F313030992090D7DB950EA03022A
:107D88001BD1059A30235371099B156043F00203F8
:107D98001371012738461BB0BDE8F08F40F2FF721F
:107DA80095424AD10343099B059A14BF43F008033F
:107DB80043F0040313710027ECE700F00102089276
:107DC8004FEA83080122AC4D48EA907887009A462A
:107DD8001646C5F1000B5846069200F011FAB5F1A7
:107DE800FF3FACBF8146A0F10109ABEB090B09EBE2
:107DF80005035846049300F009FA16A9A0F17D0579
:107E0800584600F023FA12AB069A0193A9EB050530
:107E180010AB0292009320462B4616AA514602F058
:107E280086F9B9F1010F04460D4600F2D280089B8D
:107E3800002B40F0C58001276BE043F4801A00F066
:107E480001024FEA8A080343A5F23545089248EA39
:107E580090784FEA800749D140F2FE7319420CBF6F
:107E680001260026002D3246B3DB284600F0C2F971
:107E7800032DC8BF0138049000F0C8F9049B7C307A
:107E88005D1B054416A9184600F054FA12AB01937D
:107E980010AB009320462B46029616AA514602F0D4
:107EA80046F9049B152B04460D4600F2868014AB58
:107EB800724A009338464FF0CC33414602F0F2F94B
:107EC800149B159A9B0843EA827303EB8303BB4216
:107ED800DDE9109A0CD13846414600F09FF9049B21
:107EE80083428CBF00270127002612E00126B9E74C
:107EF800089B002B51D1013F48F1FF31B81B61F1BC
:107F0800000100F08BF9049B089F83428CBF002678
:107F180001260B9B002B40F09180DDF828B04FF034
:107F28000008CDE906884FF00A0ADDE91001FFF7DD
:107F3800FFFE129B0E93CDE90C0118461399FFF72B
:107F4800F7FE0C9B0D9A0F9198420B469341814680
:107F580080F08E8020462946FFF7EAFE0E9A0AFB3B
:107F680009F3934214BF002606F001060C9B1093F8
:107F78000D9BCDE911390F9B1393079BB8F1000FA7
:107F880014BF002707F0010701330AFB10485FFA06
:107F980088F8079304460D46C7E7B81C48F1000166
:107FA80000F03CF9049B83428CBF00200120B9EB10
:107FB80000006AF10002CDE9100200273E46A8E75A
:107FC800109B119A013B42F1FF32CDE91032012793
:107FD8008AE7B9F13E0FF0D84FF0FF33A9F120003E
:107FE80003FA09F203FA00F0C9F1200123FA01F1BA
:107FF80002430A4303FA09F327EA030728EA0208B7
:1080080057EA08070CBF012700276DE700FB02FCB1
:10801800A1FB0012013362448C4275EB020CF5D2CD
:10802800049ADDF828B01344259A1344D20F9342DA
:10803800B8BF13469B45A8BF9B4670E70A2100229C
:1080480001230846E8E70AFB03F0A2FB0A230131F3
:108058000344944275EB0300F5D2594510DDBBF19A
:10806800000F02D154EA05030AD00123069371E7F1
:108078000A2200230121ECE7CCFBFFFFCDCCCCCCBE
:10808800002E2FD04FF00A0A129B13990D93184611
:10809800FFF74EFE0D9B0C910AFB00F29A428146B7
:1080A80020D1DDE91001FFF743FE0E900D91204627
:1080B8002946FFF73DFE0D9B0E9A1092CDE9113926
:1080C8000C9B1393079BB8F1000F14BF002707F010
:1080D800010701330AFB10485FFA88F80793044642
:1080E8000D46D1E7DDF81090079B9944002F5AD030
:1080F800B8F1050F57D114F001034AD1069A32B9E5
:10810800DDE912239D4208BF94425FD0069B1819EF
:108118004FF00A0445F10001002201262546A0423D
:1081280071EB020755D2EBB1B3451BDA0B9B6BB170
:10813800259ADDF828B006EB09031344012BB8BFD4
:1081480001239B45A8BF9B465E450BDD05304FF0DC
:108158000A024FF0000341F10001F8F739FF09F175
:108168000109013E5E45A8BF5E4637B20FFA89F99C
:10817800059B09FA86F607F10508013E98444FF079
:108188000009B9452CDB059B1A461E60099B137133
:1081980000E6069B2BB9DDE912239D4208BF9442F5
:1081A80009D00123B3E7069B53B9DDE912239D42A9
:1081B80008BF944204D1089B002BF2D1002EF0D0C6
:1081C800B8F1040F94BF00230123A0E74FF004087F
:1081D800F1E705FB02F7A4FB054201363A449EE7A6
:1081E8000A220023F8F7F4FE303208F8012D09F1CD
:1081F8000109C6E7014B5843800C70474134010020
:10820800014B5843000D7047FB2E0B00024B58439F
:10821800C00C0130704700BF4F9312000A4A70B576
:1082280003464FF0CC3600204FF0333506FB03F4FD
:1082380002FB0144A3FB023121449D4275EB01047A
:1082480001D30130F2E770BDCDCCCCCC2DE9F04F95
:108258001A23354EB0FBF3FA03FB1A0389B0044620
:108268000D4606EB0A1653B9D6E90023C1E90023E7
:10827800D6E90201C5E9020109B0BDE8F08F2B4A31
:1082880002EBC303D3E9008904AB0093D6E90223C8
:108298004046494602F006F806AB0093D6E90023AB
:1082A80083460F464046494601F0FCFFDDE9066279
:1082B80016EB0B0652EB07084FF0000328BF01230B
:1082C800814633B1049B059A013342F10002CDE99E
:1082D800043220460391FFF799FF07461A2000FB56
:1082E8000AF0FFF793FF3F1A324643460399009777
:1082F800484601F0F2FF4FEA141C0D4A640004F0EE
:108308001E0352F82C40DC4004F00304241841F109
:108318000001C5E90041DDE90423009730464146E4
:1083280001F0DBFFA6E700BFA8AA0008D8A900084B
:10833800B4B000082DE9F04F1A27DFF8E4A000F1E7
:108348001905B5FBF7F56F433A1A4FEA051B89B0D3
:1083580004460E460AEB05150AD1D5E90023C1E902
:108368000023D5E90201C6E9020109B0BDE8F08F92
:108378002C4B03EBC203D3E9008904AB0093D5E986
:1083880002234046494601F08DFF5AF80B206B68DE
:10839800013ACDE9020106A963F1000300914046C4
:1083A800494601F07FFFDDE906528A4602996D18B9
:1083B800039952EB01084FF0000328BF01238146BF
:1083C80033B1049B059A013342F10002CDE904322E
:1083D8003846FFF71BFF07462046FFF717FF3F1AEF
:1083E8002A46434600974846514601F076FF4FEA31
:1083F800141C0D4A640004F01E0352F82C40DC40A3
:1084080004F003040134241841F10001C6E90041D5
:10841800DDE9042300972846414601F05EFFA2E704
:1084280078AB0008D8A9000808B100087047F0B474
:1084380003460A461979DB8800681343DC0287681B
:10844800066906D513F4402F03D0DA0748BF83F432
:108458004023346801258D4023F48012DB074CBF8C
:108468002C43AC4334603B68F0BC184703460A46CB
:1084780000681979012303FA01F103691B6819429D
:1084880018BF82F0010212B18368DB68184783685D
:108498001B69FBE7D0B50446D0E9020116461F4622
:1084A800F8F792FA08B1C4E90267D4E90401324640
:1084B8003B46F8F76BFA08B1C4E90467D4E9000150
:1084C8003B463246F7F73AFEA369C4E90001013397
:1084D800A361D0BDF0B40C2707FB0214866814F81A
:1084E800045C45F0020504F8045CB468A446F0BCDA
:1084F80060471FB50223CDE901128DF80C30012227
:108508008388006801A9FFF7E5FF05B05DF804FB63
:1085180001F025BCF0B4034600681979DB880669C8
:1085280087683468DA0754BF43F4B01383F4D01370
:1085380001258D4023F48012DB074CBF2C43AC434C
:1085480034603B68F0BC184703460A46006819794E
:10855800012303FA01F103691B68194218BF82F06D
:10856800010212B18368DB68184783681B69FBE75F
:10857800FDF70EBF0A2180FB010101F0DCBC00EB16
:10858800C100408840087047F8B50346FFF7F7FF79
:10859800B0FA80F0C0F11F0003EB800CCA00DCF8D1
:1085A8001060171D0C4606328DB256B9012101FA2A
:1085B80000F0D9680143D960CCF81040DD539D52D2
:1085C800F8BDF1000431585AD85303EBC0009E524D
:1085D800C5805D52F4E7043A2DE9F041CC1D114401
:1085E80024F0070421F007010E1BF708B7FA87F2F9
:1085F800C2F12405AD004FF000080735C2F1200292
:10860800ED0804604146A760C4F80C80920004F1AC
:10861800100001F02AFD6B0043F00103638004EBB6
:10862800C5027B1B5900A4F800805180A21924F8C8
:108638003550A2F80280A35304EBC70329465A8891
:1086480042F001025A802046BDE8F041FFF79CBF86
:108658002DE9F04706460D46174698462BB398F87D
:10866800004093F80190DB78A40004EB430498F8E9
:1086780002301C4444444FF0000ACA4509D3D8F8D4
:10868800042008F1080339463046AC46BDE8F047F7
:10869800604714F8013B48F823402046F8F7B2FC3D
:1086A800013004440AF1010AE7E76FF01500BDE85C
:1086B800F08770B5002502462846144614F8013B99
:1086C8000BB9184609E098B18D4207D1702B04D038
:1086D800A3F140023A2A0BD8002070BDA3F140064E
:1086E8003A2E05D853780135941C002BE9D0002088
:1086F800252B08BF80F001002246DEE700207047E6
:108708000FB407B504A951F8040B019100F097FACA
:1087180003B05DF804EB04B0704710B50369024676
:1087280013F0080009D11368D4689C4297BF126AF5
:10873800E31AD31A01200B6010BD00231846FAE78C
:1087480013B501A90446FFF7E8FF20B1019BE268D1
:10875800013B13440193206A019BC01A013802B0FF
:1087680010BD10B5044650182269236AD20702D5F5
:10877800013B184010BD984228BFC01AFAE710B54F
:1087880004460A46C168FFF7ECFF2369E06023F05E
:108798000803236110BD38B50D46C2698B00016816
:1087A80043F0020342F82130044601682A46FFF7E5
:1087B800D8FFE36861682060984202BF236943F0EC
:1087C800080323612A462046FFF7CBFF606038BDC7
:1087D8002DE9F74FC768C6699B4606EB87030093E8
:1087E80016F8273003F00303022B04468846914607
:1087F8004FF000030BD01360CBF8003023699B07C0
:1088080013D44FF0000A504603B0BDE8F08F56F875
:10881800271013608908CBF80030EFD0FFF7AFFFBF
:10882800E368A3604FF0010AEDE7A36906EB870050
:10883800984716F8272012F0010A0546E1D012F0F1
:1088480002021FD0B8F1000F03D041462046FFF7BF
:10885800A2FF61682A462046FFF783FFD4E9022178
:108868009142606006D12A462046FFF77AFF4FF012
:10887800000AA060A2682260E260226942F0080251
:108888002261C0E7014620460192FFF778FFE368BE
:10889800A360B8F1000F04D02168E369019A43F896
:1088A800212005EB0802CBF8002021682046FFF7BD
:1088B80058FF2369206043F00803236116F8273026
:1088C8006FF3000306F82730009BC9F80030A9E7CA
:1088D80070B504461546FFF744FF2368834205D167
:1088E8002369216023F00803236170BDE269AB00AE
:1088F80043F0020342F82130204661682A46FFF718
:1089080030FF6060F1E738B503695B07044606D5B8
:10891800456AFFF715FF85422CBF6562606238BD66
:1089280038B50D4604461C22002101F09EFBEB6879
:10893800A361AB6863612B68E3616B682362002203
:1089480062622A6923B1591E194208BF42F0010226
:108958002261012204F128000021BDE8384001F01D
:108968002BBA2DE9F04F87B000250093036A0395D1
:108978008B4204460E4692460595A94639D3EFF335
:10898800118B102383F31288BFF36F8F059AD84693
:108998002AB129462046FFF79BFF0023059304A927
:1089A8002046FFF7BAFE0499B14207462AD3226847
:1089B800E36913F8221021F0030103F8221003EBF6
:1089C8008209216832462046FFF7CBFEE368206023
:1089D800984212D0002788F31188BFF36F8F03994C
:1089E80029B162690AB12046904700230393002FFA
:1089F800C5D1484607B0BDE8F08F236943F00803A6
:108A08002361E7E718B12046FFF7C5FEE3E7009BBF
:108A18005AEA03021CD0019101F0EBF90199B8B9A7
:108A2800BBF1000F14D187F31188BFF36F8F009B40
:108A3800524604F12800FDF72FFDEFF311881023AB
:108A480083F31288BFF36F8FB0FA80F77F09C2E70C
:108A580005AB03AA20462568FFF7BAFE0746BAE722
:108A680070B50446836908460D4698470246EFF3F9
:108A78001186102383F31288BFF36F8F2B7843F08E
:108A880001032B7061682046FFF76BFE606020468B
:108A9800FFF739FF86F31188BFF36F8F70BD2DE99B
:108AA800F04104461027EFF3118687F31288BFF3CD
:108AB8006F8F236913F0080FA36802D1626893428D
:108AC80000D9226AE169D21A32B986F31188BFF354
:108AD8006F8F4FF0000833E011F8232012F00300E5
:108AE80001EB8308F1D0022803D151F82350AD08D7
:108AF80005D1D00712D4A369404698470546A16816
:108B08002A462046FFF72DFE2946A0602046FFF79B
:108B180036FE86F31188BFF36F8FC4E742F0020276
:108B280001F823204046A369A568984729460246CC
:108B38002046FFF716FEA06086F31188BFF36F8FFB
:108B48004046BDE8F081F8B50446836908460D46FD
:108B580098470646EFF31187102383F31288BFF373
:108B68006F8F2B786FF300032B7023699B0705D554
:108B7800E268E36903EB82039D421AD12B786FF315
:108B880041032B70D4E90231994204D13246204680
:108B9800FFF7E7FDA06031462046FFF7F0FD87F3B9
:108BA8001188BFF36F8F04F12800BDE8F840FDF786
:108BB8003FBC2B6860F39F032B60F0E7EFF3118154
:108BC800102383F31288BFF36F8F036913F0080F24
:108BD800836802D14268934200D9026AD31A81F3AA
:108BE8001188BFF36F8F181E18BF01207047704798
:108BF80003785B075FBF03684288C3F34A2303EB2C
:108C080012105DBF173020F0070080080020704761
:108C1800002070470346BFF35B8F53E8000F421CE8
:108C280043E800210029F8D1BFF35B8F704708B5EE
:108C380001F0E3F90A220023F8F7CAF908BD1FB5C5
:108C48000023CDE90201CDE900331A46194618463A
:108C5800FAF73CFD05B05DF804FB0120FAF7EABA23
:108C6800002070474368DA7143681960436801223D
:108C78005A71FAF7D1BA70B515460C4669B1D2E9FE
:108C880001369B1B99420AD813680A46014698196F
:108C980001F0DDF9AB682344AB60204670BD6FF08E
:108CA8001B00FBE770B50E4615461946044618B971
:108CB800BDE87040FAF7BEBA33B1C2F34A231030A8
:108CC800120D184401F0C3F9C4E900562046BDE866
:108CD8007040FAF757BC2DE9F3415F1C4FEA87084B
:108CE800064608F1170020F0070080080C461546D4
:108CF800FAF722FB0023ADF805308DF807308DF820
:108D0800047068B10346019A43F8102FA8F10401D2
:108D18002A46294452F8045B43F8045F8A42F9D191
:108D2800A20102F4E07242EA482222F07F4222F4D1
:108D38007002002322F03F02314602B0BDE8F04144
:108D4800FFF7B0BF07B50123019201AAFFF7C3FFE0
:108D580003B05DF804FB07B5CDE9002302236A469A
:108D6800FFF7B9FF03B05DF804FB1FB5CDE9012398
:108D7800069B039301AA0323FFF7ADFF05B05DF837
:108D880004FBF8B506460D4614461F4604B9F8BD5F
:108D9800214628463A46B047241A0544F6E710B556
:108DA800426881680446D2E900230068FFF7E9FFBA
:108DB800636800221A6010BD38B54B681A68CB6822
:108DC8009A4205460C4602D10846FFF7E8FF636859
:108DD800BFF35B8F53E8002F511C43E800100028B5
:108DE800F8D1BFF35B8FA3689D54002038BD0A28D3
:108DF80038B504460D4602D10D20FFF7DDFF2946A0
:108E08002046FFF7D9FF002038BD2DE9F04305467D
:108E180087B008460E8891F80090D1F808800C4673
:108E28001746FAF7A3FC011EC6F38216C9F3C20956
:108E38001EDB4846FAF7B8FB03462146608851F81E
:108E4800102B0196C2F34A22002A01EB0204C0F358
:108E58000B1008BF00210022CDE90407CDE9021458
:108E6800009241462846FAF7ADFC07B0BDE8F0830A
:108E78000023E2E743681B685B68002019617047BC
:108E880043681B681A685268536070472DE9F041BF
:108E980043681B685A68012111751D68D5E90136B8
:108EA800D3E900482F681CB96B681C60BDE8F081E5
:108EB800214630464246B847241A0644F3E7436839
:108EC8001B681868FAF7E8BD70B543681D686B68D9
:108ED80018690C46FAF78AF9214603460F222868D2
:108EE800BDE87040184701F0C0B801F0B0B80146BD
:108EF8000068FAF753BE08B5FAF7ACFEBDE80840BB
:108F0800FAF7CCBE0A460121FFF71CBF0021012059
:108F1800FAF744BE08B5FBF78DF9FAF717FEFAF72A
:108F280021FEFBF7EDF9FDF753F96FF08500704767
:108F380061B662B680F31188BFF36F8F704772B65F
:108F4800002383F31188BFF36F8FBFF34F8F30BFB8
:108F580062B6BFF36F8F7047202809D9B0F1004F70
:108F680008D80138B0FA80F0C0F11F0040007047FF
:108F7800082070473E20704708B5D1E9043198476A
:108F8800002008BD08B5FBF769FB002008BD08B53F
:108F9800062201210020FBF787FB0022114606204C
:108FA800FBF730F9012108460722FBF77DFB002279
:108FB80011460720FBF726F9082201210220FBF7BA
:108FC80073FB002211460820FBF71CF90922012136
:108FD8000320FBF769FB002211460920FBF712F971
:108FE8000A2201210420FBF75FFB002211460A2018
:108FF800FBF708F9052108461622FBF755FB002266
:1090080011461620FBF7FEF8292206210A20FBF755
:109018004BFB002211462920FBF7F4F8002008BD7D
:1090280001F01F0101208840704700F0030204325C
:1090380092000F23934043EA900010B500F0030319
:109048009B0003F1804303F58033020C9C6892FA7D
:10905800A2F2B2FA82F202F00F0224EA1040914022
:109068000143996010BD08B5002212201146FBF794
:10907800C9F8BDE808401220FBF7B6B80A46012136
:10908800FFF760BE0268936823F0004323F01703DC
:1090980043F0004393609368002BFCDB7047D0E9F2
:1090A8002432C0F898205B681A68936823F000435C
:1090B80023F0170343F004039360704710B403468A
:1090C8000838BFF35B8F50E8002F511C40E80014AC
:1090D800002CF8D1BFF35B8F12B910BCFFF7DFBFCC
:1090E8006FF00F0210BC9A65704738B58368DA07CD
:1090F800044612D401230360836823F0004323F05D
:10910800170343F0010383600A252368DB0704D4AF
:10911800642000F0FEFD013DF7D138BD8368DB0710
:1091280018D5836859070AD5836823F0004323F0CC
:10913800170343F01003836083685A07FCD48368DD
:1091480023F0004323F0170343F00203836083688E
:10915800DB07FCD470474FF0B0431868C0F3802099
:1091680070470B88C3F30B0303F6B872C2F30B0204
:109178001C2A82B010D803F1B04348681A68024329
:109188001A600B88C3F30B0303F1B04300201B687C
:109198000193019B02B070476FF08500FAE70B88D6
:1091A800C3F30B0303F6B872C2F30B021C2A9FBF6A
:1091B80003F1B04349681A688A439ABF00201A60CD
:1091C8006FF08500704701380A2809D840F2EF632C
:1091D800C34013F0010F14BF00206FF085007047E3
:1091E8006FF08500704738B50888C0F30B00FFF7AB
:1091F800EAFF00281EDB4A68FF2A1AD090B2C2F3A1
:10920800415500F1B04001350123AB400468C2F379
:109218000442013B934024EA030303604A6891B285
:1092280001F1B041130E0868C2F3044293400343AE
:109238000B60002038BD0888C0F30B0008B500F6A5
:10924800B873C3F30B031C2B08D800F1B0404B686C
:109258000268934314BF0120022008BDFFF7B3FF43
:10926800002814BF01200220F7E7704770474368C1
:109278005B681B690B600020704743685B6858692E
:1092880042400A4042405A610020704743685B6888
:1092980000209961704743685B68002099627047B5
:1092A80043685B685A69514059610020704710B59E
:1092B80003699868F8B1884219D1DC680868986031
:1092C800A14200D1D860002008602AB19A680A60DB
:1092D800DA68996002B9D960002010E0814206D1AD
:1092E80008682060D8688142EDD1DC60EBE704466D
:1092F80000680028F2D1002AE8D16FF0150010BDEF
:10930800F0B544680120676888401E46C2F38013A0
:1093180027EA00078B403B43636090FAA0F7B7FA4F
:1093280087F7D4F808C04FF0030E7F000EFA07F74E
:109338002CEA070C90FAA0F7B7FA87F7C2F3C11323
:109348007F00BB4043EA0C03A36090FAA0F3B3FA92
:1093580083F3E7685B000EFA03F327EA030790FA42
:10936800A0F3B3FA83F302F030055B00C2F34122A5
:109378009A403A43202DE26016D107292BD890FA5B
:10938800A0F3226A2BB3B3FA83F39B000F2101FAEF
:1093980003F322EA030290FAA0F3B3FA83F39B00E3
:1093A80006FA03F31343236290FAA0F3B3FA83F3A4
:1093B800226890FAA0F05B000321B0FA80F02D0932
:1093C80001FA03F3400022EA030385401D432560A8
:1093D800F0BD2B46D9E7030A616A93FAA3F282B17A
:1093E800B2FA82F292000F2793FAA3F3B3FA83F347
:1093F80007FA02F29B0021EA02029E4016436662C7
:10940800D2E72A46EEE712F4003CF8B50C461346BC
:109418001DD0960714D555075CD55022D90611D50D
:1094280042F4007203F4C061B1F5806F42D0B1F527
:10943800C06F19D0B1F5007F18D142F0800215E055
:109448001022EBE79F06EDD542F48062EAE7D603E7
:1094580005D5D50605D4C2F340129202E2E73022C0
:10946800E0E74FF40072DDE742F4C07213F44036CF
:10947800056908D02F6927FA04F1C9075FBF0121E0
:10948800A14039432961BCF1000F06D01F03416890
:1094980013D549680123A3408B6140680023214606
:1094A800FFF72EFF26B92B6923FA04F2D2070BD453
:1094B8000020F8BD42F48072D8E75F0341BF012362
:1094C8004968A3408B62E8E70122A24023EA02032D
:1094D8002B61EDE76FF08500EBE770B50B46896807
:1094E800054611B15E680C6801B970BD8A682A40EA
:1094F80002D04B68304698471CB1236821461C4669
:10950800F2E72346FAE7F8B51F46044640680E46D8
:109518001546FFF7F5FE112F08D1012303FA06F6C9
:1095280063685B682A054CBF9E619E620020F8BD97
:1095380008B5002211461E20FAF764FE1E20FAF72D
:1095480053FE00221F201146FAF75CFEBDE80840D2
:109558001F20FAF749BE08B5002211462020FAF765
:1095680051FE2020FAF740FE002221201146FAF78A
:1095780049FEBDE808402120FAF736BE2DE9F74339
:1095880098460B7A066943F0040315460B720746A2
:109598000C460B460122AA420AD906F110094FF0DF
:1095A800FF324FF0FF334846FCF776FF002620E0F5
:1095B8000AD2197A187D81EA000C1CF0010F01D03B
:1095C80040071FD589071DD401320C33D2B2E2E718
:1095D800012D14BF04F114030023CDE900383846E7
:1095E80094E80E0000F0AEF8061E04DB013D0C34D2
:1095F800EDB2002DECD14846FCF71AFF304603B017
:10960800BDE8F0836FF01506F8E7036993F850207A
:109618000AB9FBF761BE1B6A0B600020704700F0B7
:1096280021B800F06DB843680169DB681A6822F058
:1096380002021A601A6822F004021A601A6822F0FC
:1096480020021A601A6822F010021A601A6822F0C2
:1096580040021A6091F851201AB91A6822F0800263
:109668001A60704710B543680469DB689A69D106C7
:1096780006D5DA6942F01002DA610123A36310BD4E
:1096880091060CD5DA6942F02002DA6101229A616A
:10969800FFF7C9FF2046BDE81040FCF7C9BE5107D7
:1096A80009D5E26C5B6A1370A36C013BA364E36C9D
:1096B8000133E364E3E7110612D5A16C5A68002967
:1096C800E6D0FF2901D95A60D9E722F47F0242EA9D
:1096D800014294F840100029F5D122F08072F2E797
:1096E800910703D5E26C12789A62DDE75106C6D578
:1096F800626C127A9207CBD55A6842F48042E2E74C
:1097080010B543680469DA6893699B050DD5D36978
:1097180043F40073D36101236363FFF784FF20469A
:10972800FCF786FE6FF0040010BD936913F4807394
:1097380006D0D36943F48073D3610123E363ECE774
:109748001846F1E7F0B585B001AD85E80E0043682D
:109758000269D968029B9364019BD3640023C2E920
:109768000D33D363012355648B610B68BDF82C401E
:109778000A9E43F001030B604B68156A8F6923F05A
:109788007F7323F44233ED0723F47F739DF80C5065
:1097980023F0030346BF44F40064234343EA44032D
:1097A80015F0020447D1002E47D03678760702D448
:1097B80043F08073012482F84040029CFF2C86BF4E
:1097C80043F0FF7343F4803343EA04433E0610D466
:1097D800EC0734D4946C44B1D46C24788C62946CC7
:1097E800013C9464D46C0134D46423F4806343F45E
:1097F80000534B600B6843F0F6030B609DF80C5068
:1098080004694668002341F288322046FCF744FE8A
:10981800A36BBBB9636B184314D194F8513043B9A7
:1098280015F0020005D01846F268136823F001030A
:10983800136005B0F0BD0024BDE73446BBE743F430
:109848008063D4E76FF00400EEE730B50368136077
:109858000579046804EBC504A34202D36FF0010044
:1098680030BD5C798C4201D00833F0E70020F7E77F
:109878004368C1F34B101B6801F01F01C058012356
:109888008B40034214BF012300231370002070474C
:1098980010B54368C1F34B101A6801F01F018458D2
:1098A80001238B4023438350002010BD10B543682B
:1098B800C1F34B14186801F01F01235801228A4094
:1098C80023EA02032350002010BD38B504460D4694
:1098D800FFF7DEFF29462046FFF7E8FF002038BDE6
:1098E800B0F5805F07D0B0F1805F09D1002914BFBF
:1098F800012002207047002914BF0320042070476C
:10990800002914BF02200320704743681B68D869E8
:10991800DA69D107DA69C0F3C00048BF40F0020035
:109928009207DA6948BF40F004005107DA6948BF76
:1099380040F02000D20542BF4FF4807240F008008A
:109948001A62C10744BF08221A62820744BF012273
:109958001A62410744BF02221A62820644BF0422E7
:109968001A62704743681A6852E8003F43F04003A0
:1099780042E800310029F7D1704743681A6852E875
:10998800003F23F0400342E800310029F7D1704737
:1099980043681A6852E8003F43F0200342E8003168
:1099A8000029F7D1704743681A6852E8003F23F04E
:1099B800200342E800310029F7D1704743681B684B
:1099C800D869C0F340107047012070470369C3E9A4
:1099D80002127047026993680BB1D1681847704743
:1099E80008B5002224201146FAF70CFCBDE808400F
:1099F8002420FAF7F9BB08B5002226201146FAF709
:109A080001FCBDE808402620FAF7EEBB43681B6856
:109A1800D869C0F38010704743681B68D86910F094
:109A280080001CBF1868C0F38010704710B5026929
:109A3800526812680A6042681268126802F4C062CA
:109A4800B2F5806F04460B4633D0A2F5C06042429F
:109A580042411A7162681268526802F44052B2F5C3
:109A6800805F28D0B2F5405F27D0002A0CBF0122C2
:109A780003225A71626812681068116800F0102099
:109A880001F4C061FFF72CFF987162681268926850
:109A980002F44072A2F540714A424A41DA716168A3
:109AA8000968896811F4804F18BF0322DA71002011
:109AB80010BD0222CDE70022DBE70222D9E738B544
:109AC80043681B680C461868196800F0102001F4F8
:109AD800C061FFF705FF04281AD0D86910F080008C
:109AE80015D0EFF31181102080F31288BFF36F8F28
:109AF8000020151A002D06DDDD692D0603D5255C2D
:109B08009D620130F5E781F31188BFF36F8F38BD8F
:109B18006FF08500FBE710B543681B681020DA6911
:109B28001206FCD5EFF3118280F31288BFF36F8F12
:109B3800DC69240604D482F31188BFF36F8FEEE743
:109B4800996282F31188BFF36F8F10BD43681B6859
:109B5800DA69910602D51A68920607D4D86910F016
:109B6800400004D01868C0F3801070470120704787
:109B780038B543681B680C461868196800F010204F
:109B880001F4C061FFF7ACFE042810D000200821C2
:109B9800151A002D0DDDDD69AD060AD55D6A25545F
:109BA800DD692D0700F10100F2D51962F0E76FF0C9
:109BB800850038BD43681B68DA69100744BF08226E
:109BC8001A62DA69920643BF5B6A0B7000204FF095
:109BD800FF3070472DE9F0410A790369D0F8048015
:109BE8005E68012A04460D4611D0901E474247413F
:109BF800BF0269794046FBF77DFDAB79022B09D09E
:109C0800042B33D0131E18BF01231B0306E04FF4A7
:109C1800C067EEE7B2FA82F35B091B07EA79D8F866
:109C28000010012A14BF4FF0000C4FF4407CAE42E4
:109C38001FD10A6822F0805222F4B0523A431A43E4
:109C48000A604B6823F4405303434B6063681A6807
:109C5800936823F4407343EA0C0393603168204609
:109C6800FBF7C4FD00EAE070BDE8F0814FF48053D3
:109C7800D4E7D1F800E00EF4C06E77451FBFD1F8E5
:109C880000E02EF4C06E4EEA07070F6061680F68A7
:109C9800796801F4405188421FBF796821F4405126
:109CA8000143796061680868016801F010218B42FE
:109CB8001FBF016821F010210B4303606368196816
:109CC8008B6803F440739C451FBF8B6823F4407373
:109CD80043EA0C038B6063681B689968490405D5DF
:109CE800032A09D09A6822F4804204E0032A03D1A7
:109CF8009A6842F480429A6029683368994206D08B
:109D08002046FBF773FD0028AEDB2B68336000208C
:109D1800AAE738B5044648B1FCF752F8302305469F
:109D28005C43FCF74DF8431BA342FAD338BD10B58A
:109D3800436904463BB90020E268537843F00103C5
:109D48005370404210BD98470028F4D00028B8BF8F
:109D58004042E368FF28A8BFFF201870ECE740B135
:109D6800C368587810F001001EBF1878B0FA80F068
:109D780040097047EFF31183102383F31288BFF370
:109D88006F8FFEE708B51024EFF3118384F3128870
:109D9800BFF36F8FFFF7D3F8F6E790F90E308B42D9
:109DA80001D0FCF76FBD0020704703460020C3E9CF
:109DB8000200C3E9003370473AB18A4205D3C0E9CB
:109DC8000212C0E90000002070476FF015007047CC
:109DD800D0E9003213605A60427B002322F002026D
:109DE800C0E90033427383607047C0E90000002077
:109DF8007047EFF30580003818BF012070476FF0F7
:109E08005700704700207047D0E9003213605A604D
:109E18000023C0E90033704708B5FFF7F5FF437B1F
:109E280023F0020343730023836008BD38B504465A
:109E38000D46FCF785FC637B43F002036373E5B1D1
:109E4800A5602B689D4209D16B68C4E900531C606A
:109E58006C6012E06A689A42F6D01B68002BF3D057
:109E680094F90E2093F90E108A42F3D09142F1DD55
:109E78005A68C4E9003214605C6038BD10B5EFF36D
:109E88001184102383F31288BFF36F8FFCF716FC3D
:109E980084F31188BFF36F8F10BD08B5EFF31181FC
:109EA800102282F31288BFF36F8F83680BB1FFF71C
:109EB800B3FF81F31188BFF36F8F08BD38B5EFF397
:109EC8001184102383F31288BFF36F8F90F86C50BE
:109ED800427B002380F86C302DB121B184F31188C6
:109EE800BFF36F8F38BD12F0280FF7D183680BB11D
:109EF800FFF792FF437B23F004034373FCF7DEFB79
:109F0800ECE701211838FFF7D9BF08B50346EFF38E
:109F18001181102282F31288BFF36F8F0068834289
:109F280007D008B1FFF778FF81F31188BFF36F8F6F
:109F380008BD0020F8E738B504460D46FCF7CEFD0D
:109F4800B5F1FF3F08BFB4F1FF3F0346204610D0EC
:109F580013F109004FEAE37141F100010A220023DD
:109F6800F7F736F8B0F1004F71F1000128BF6FF034
:109F7800004038BD08B50246FCF73CFF70B1D0E997
:109F880004319B1A61EBE272B3F1004F72F10001E8
:109F980004DA002AACBF1846002008BD6FF0004064
:109FA800FBE738B50246EFF31185102383F31288D7
:109FB800BFF36F8F0368CBB1FCF71CFF0446104654
:109FC800FCF72AFF00224FF000438442C0E9042333
:109FD80006D1FCF717FFFFF7CDFF0021FBF75EFE68
:109FE800002085F31188BFF36F8F38BD6FF015001F
:109FF800F7E708B5FDF71CF808BDFDF719B8002309
:10A00800C0E9081200F11802C0E90622C0E90033CD
:10A0180003634363704710B50446FFF7C2FFA8B94E
:10A02800636A0BB12046984704F11800FFF76DFFEB
:10A0380060B1FFF723FFEFF31180102383F3128839
:10A04800BFF36F8FBDE81040FCF7A0BC10BD0A44F9
:10A05800914200F1FF3300D1704710B511F8014B60
:10A0680003F8014F9142F9D110BD024403469342CF
:10A0780000D1704703F8011BF9E710B50139044610
:10A0880032B111F8013F00F8013B013A002BF7D13A
:10A098000021FFF7EAFF204610BD10B50246014433
:10A0A8008A42134603D01C780132002CF8D1181AC2
:10A0B80010BD0A7870B56AB970BD9A4209D10C46CC
:10A0C800054614F8013F002BF6D015F8016F9E42A3
:10A0D800F7D001300378002BEFD11846ECE72DE9D3
:10A0E800F047C3F13709074688465FFA89F903F054
:10A0F8001F0516464FF0000A384641462A46534681
:10A10800F6F766FFD4B2092C88BF4C443A4643465A
:10A1180088BFE4B2AA4204F1300473EB0A0306F8DC
:10A12800014B07468846E7D23046BDE8F0872DE95F
:10A13800F04F87B00618994602AB41EB0104009333
:10A1480015463046D2E900232146DDF844B000F038
:10A15800A9F804AB0093D5E90223074688463046A0
:10A16800214600F09FF8DDE90263841951EB0306EC
:10A17800049BD5E900014FF0000228BF0122D21844
:10A18800059B43F10003381848EB0101B84271EB15
:10A198000801D5E902C134BF0120002014EB0C0CE2
:10A1A80046EB010110EB0C0041F10001A04271EBFC
:10A1B800060C34BF4FF0010C4FF0000CCDE904231E
:10A1C800A9F1410A1CEB020243F10003CDF800A0FB
:10A1D80000F083F8109BC3E90001129B012BDDE915
:10A1E800042329D1D5E90201D5E900C5201A66EB77
:10A1F8000101674578EB050534BF01250025401BA3
:10A2080061F10001844276EB010534BF0125002588
:10A21800521BCDF800A063F1000300F05EF8DDE901
:10A228000423CBE90001CDF800A02046314600F018
:10A2380054F807B0BDE8F08F17EB070E48EB080C91
:10A24800201946EB0601BE457CEB080834BF012700
:10A258000027C71941F10008D5E9000186457CEBC4
:10A26800010CD5E9021534BF01200020381A68F125
:10A27800000C401A6CEB050192185B41A74278EB81
:10A28800060534BF01250025521943F10003874212
:10A2980078EB010834BF01250025521BA9F14005C0
:10A2A8000095B8E7F0B50F460446A0FB0201A7FBEE
:10A2B80002524919A3FB044542F10002A7FB0373AC
:10A2C800611845F10004D219059E43F100031219E3
:10A2D80043F10003C6E90023F0BDF0B5059CC4F1C5
:10A2E8004007C4F1200602FA06F6A4F12005BB4097
:10A2F80022FA05F53343C4F120062B4301FA06F68A
:10A30800A4F12005E04021FA05F53043BA4028437E
:10A31800E14010431943F0BD2DE9F0410446CD0F4B
:10A32800C1F30A50C1F3130154EA0107157140F251
:10A33800FF7607D0B0420CD145F008051571002012
:10A34800BDE8F081002863D0B0425ED145F0040535
:10A35800F4E7002859D10120A0F2FF30002B10604B
:10A3680059DB0C2B59DCC3F10D05AD00012005F1BB
:10A37800FF3CA5F12107C5F1210620FA06F600FAEF
:10A3880007F700FA0CF03743061847EB0708D6F131
:10A39800000E68EB480C013E48F1FF38264008EAF9
:10A3A8000108B04277EB08080FDBC5F12008B5F1CA
:10A3B800200601FA08F824FA05F545EA08055CBF05
:10A3C80041FA06F63543ED0703D52018044641EB5C
:10A3D800070104EA0E0401EA0C019DF81860123224
:10A3E80018460D25C6F127064FF0300E04F00F036E
:10A3F800240944EA017405F1FF3C0911571EB3B959
:10A40800A8420CDA65463A46F0E741F48011A3E722
:10A4180004460146A2E70023DFE70D23DDE782F8C3
:10A4280000E01CF1010365463A46DFD188E7092BB5
:10A43800C8BF9B193033A8421370B8BF2846F0E74D
:10A44800D1E9043293421EBF5A1C0A611870704742
:0CA458000148006870470000D80A00208E
:08A46400DE6BFF7F0100000028
:10A46C0000000000FCA40008A12F00080000000060
:10A47C00000000001CA5000800000000BCA500089E
:10A48C00000000007CA50008000000009CA500084E
:10A49C00000000003CA50008000000005CA50008BE
:10A4AC00978F00080000000000000000DCA50008E9
:10A4BC0000000000FCA50008A951000800000000E5
:10A4CC001D5C000800000000F930000800000000CE
:10A4DC008D46000800000000000000001CA60008CB
:10A4EC00000000005CA60008000000003CA600086C
:10A4FC0024C2000800000000C4A800084801002085
:10A50C0000000000ED4F00080000000000000000FB
:10A51C0025C400086CAF0008B4A800085601002040
:10A52C00000000000000000000000000000000001F
:10A53C007CBF000800000000000000004401002067
:10A54C00000000004148000800000000000000006E
:10A55C0031C2000824AE000878A800084A01002087
:10A56C00780B0020A9520008000000000000000039
:10A57C003FC2000838AE000878A800084C01002043
:10A58C008C0B0020A9520008000000000000000005
:10A59C004DC200084CAE000878A800084E010020FF
:10A5AC00A00B0020A95200080000000000000000D1
:10A5BC005BC2000860AE000878A8000850010020BB
:10A5CC00B40B0020A952000800000000000000009D
:10A5DC00AAC4000870AF0008E0A8000858010020C9
:10A5EC00E4000020F9590008000000000000000001
:10A5FC00BAC40008C0AF0008E0A800085A01002047
:10A60C00FC000020F95900080000000000000000C8
:10A61C000DC200086CAD00086CA8000846010020B3
:10A62C0000000020754B0008000000000000000036
:10A63C0002C3000874AE00089CA800085201002058
:10A64C00C80B0020D95300080000000000000000D7
:10A65C000FC30008BCAE00089CA8000854010020E1
:10A66C001C0C0020D9530008000000000000000062
:10A67C0000000000158F000800000000158F000876
:10A68C0000000000158F000800000000158F000866
:10A69C0000000000158F000800000000158F000856
:10A6AC0044BF0008C946000842BF0008C94600085C
:10A6BC0040BF0008C94600083EBF0008C946000854
:10A6CC003CBF0008C946000800000000158F0008B8
:10A6DC0000000000158F000800000000158F000816
:10A6EC0000000000158F000800000000158F000806
:10A6FC0000000000158F000800000000158F0008F6
:10A70C0000000000294A000800000000158F000816
:10A71C0000000000158F000800000000158F0008D5
:10A72C003ABF0008C946000800000000158F000859
:10A73C0000000000158F000800000000158F0008B5
:10A74C0000000000158F000800000000158F0008A5
:10A75C0000000000158F000800000000158F000895
:10A76C005CA60008279600085CA600082B9600083B
:10A77C003CA60008279600083CA600082B9600086B
:10A78C0000000000158F000800000000158F000865
:10A79C00FCA50008DD99000800000000158F0008DA
:10A7AC00DCA50008DD99000800000000158F0008EA
:10A7BC0000000000158F000838BF0008C9460008CB
:10A7CC0000000000158F000800000000158F000825
:10A7DC0000000000158F000800000000158F000815
:10A7EC0000000000158F000800000000158F000805
:10A7FC0000000000158F000800000000158F0008F5
:10A80C0000000000158F000800000000158F0008E4
:10A81C0000000000158F000800000000158F0008D4
:10A82C0000000000158F000800000000158F0008C4
:10A83C0000000000158F000800000000158F0008B4
:10A84C0000000000158F000800000000158F0008A4
:10A85C0000000000158F000800000000158F000894
:0CA86C0005490008CD4C0008E40C000079
:10A878000F940008779200088392000895920008C8
:10A888009F920008A9920008F9510008B7920008A1
:04A8980000000000BC
:10A89C00515300081396000885950008000000002D
:08A8AC000000000000000000A4
:10A8B4007998000899980008B5980008D39800087A
:10A8C4006B910008A791000800000000394F0008B0
:0CA8D4003F92000800000000EF91000817
:10A8E000BD9B00081F9B0008139900081159000820
:10A8F000359A0008C79A0008799B00086D990008EE
:10A9000083990008219A000899990008AF990008D6
:10A91000159A0008C5990008355700087D570008AA
:0CA92000559B0008D1990008D59900084B
:10A92C001AC200080300000086B9000803000000EA
:10A93C009ABF00080300000031BF000803000000AC
:10A94C0069C20008030000001CC3000803000000DB
:10A95C0063C300080300000015C4000803000000D6
:10A96C00E0B9000803000000E4B90008030000008F
:10A97C000FBB000803000000D5BE00080300000058
:10A98C00A5C5000803000000D4B9000803000000AE
:10A99C001EC2000803000000C0B90008030000003C
:08A9AC00CAC40008030000000A
:10A9B40024AD0008CC000020FEBA0008010000000D
:10A9C800000000000100000002000000000000007C
:10A9D8000100000000000000050000000000000069
:10A9E80019000000000000007D00000000000000C9
:10A9F8007102000000000000350C0000000000009B
:10AA0800093D0000000000002D3101000000000099
:10AA1800E1F505000000000065CD1D000000000004
:10AA2800F902950000000000DD0EE90200000000B8
:10AA3800514A8D0E000000009573C24800000000C6
:10AA4800E941CC6B010000008D49FD1A07000000A8
:10AA5800C16FF28623000000C52EBCA2B100000021
:10AA6800D9E9AC2D780300003D9160E4581100004D
:10AA780031D6E275BC560000F52E6E4DAEB1010020
:10AA8800C9EA268367780800ED95C28F055A2A001F
:10AA9800A1EDCCCE1BC2D30025A4000A8BCA220488
:10AAA800000000000000000000000000000000108E
:10AAB8000000000000000000B9340332B7F4AD1400
:10AAC80010DB1AB30892540E0D307D951447BA1A4C
:10AAD80066088F4D26ADC66DF598BF85E2B745115E
:10AAE800CA96853D92BD1DEBFCA11860DCEF52169D
:10AAF8003C92AE220BB8C1B4839D2D5B0562DA1C73
:10AB0800304C7E8F4E8BB25B16F4529F8B56A5123B
:10AB1800FBD4827643ED8AF08FE7F9311565191871
:10AB280050F19BD94A13EEB4284CF0A686C1251FD4
:10AB3800035FC270CB9E4916E642889C44EB201402
:10AB4800B0650836AD6EA58585F0CA14E2FD031A16
:10AB58000B899979D5B13D09D8DA973A35EBCF10F9
:10AB6800AC363F5E73BB38CF3E6752FA44AFBA1576
:10AB780001000000000000000000000000000020AC
:10AB8800345065C05FC9A652BB13CBAEC440C218CF
:10AB980006C8DF7100D5A87CF56F0FDA58FC2713BB
:10ABA8006E4756357D24206502C7E768E48CA41DEE
:10ABB800E9E60268D7CD39617977FCC2405BEF16C8
:10ABC800798CDE43FFA751F991F3B278F5BDBE1138
:10ABD800E857E9D6E8BEE87BB054AC8F848D751B86
:10ABE800EA23A499E9F9D38BB7A3714061DA3E153A
:10ABF800CEE33ECB73F948088C97B427D51B701069
:10AC0800A2BFEFB9EB8532154DB44DB49BBB6F199C
:10AC180096B6076CF8E7EEAD36D9B4F59135AE13B4
:10AC2800222218AF4E6A684D91DAAA3D4F40741E31
:10AC38009FBD9EE006A1C09857C2A7FDA40E90171D
:10AC48000E7D497173E3208FB220D87605143B122C
:10AC5800853D7434811343B0AD297A5F27F4351CE0
:10AC68009CA50008090000009CA500080F00000032
:10AC78007CA50008060011009CA50008080001003A
:10AC88009CA50008050001009CA500080A00010019
:10AC98009CA50008040000005CA60008290000002C
:10ACA8009CA50008030000005CA600084000000006
:10ACB8005CA600081D000000200400200001000020
:10ACC800638C0008F98B000802000000138E00084E
:10ACD800000000000000000000000000000000006C
:10ACE800DEBA0008E6BA0008000000000000000014
:10ACF80000000000EEBA0008F2BA0008F6BA000830
:10AD0800FABA000814AD0008B40A0020253B000870
:10AD1800CC0A0020500E002001000000D18E00084F
:10AD2800C78E0008958E0008898E00080000000074
:10AD38007D8E0008000000000000002000000000D8
:10AD480000000B060200000054AD000800000008D7
:10AD580022BF000822000206000000202ABF0008C7
:10AD68001E000B11002401406F90000860000000D5
:10AD780000020000000000000000000000000000C9
:10AD88000000000000000080BCAD000802000400C4
:10AD980008000D00140028005000A1000200010165
:10ADA800000400000C6360000C6351000C63420057
:10ADB8000C633300C4AD000801000000CCAD0008EE
:10ADC8000200000010000000000000003000000039
:10ADD8000000000000000000000000000400000067
:10ADE800080000000C000000100000001400000023
:10ADF800180000001C0000000000000020000000F7
:10AE0800400000006000000080000000A00000007A
:10AE1800C0000000E000000000010000FFFF00008B
:10AE2800001C0048070000004C00000080000000E3
:10AE3800FFFF000000080048020000004C0000006E
:10AE480004000000FFFF00000004004801000000AB
:10AE58004C00000002000000FFFF00000000004856
:10AE6800000000004C000000010000005F95000891
:10AE780094AE00080100000000580040801A060047
:10AE88009CAE0008BCAE000800000000580000009E
:10AE980000004000A4AE000801000000ACAE0008AD
:10AEA800020000008401000040020000640100006C
:10AEB8004002000039950008DCAE000801000000DF
:10AEC80000540040801A0600E4AE000804AF0008F1
:10AED800000000005800000000002000ECAE000850
:10AEE80001000000F4AE000802000000C4020000E7
:10AEF80040020000E402000040020000BCA5000877
:10AF08009CA500087CA500080000000000000000C7
:10AF180000000000000000005CA500080000000020
:10AF28000000000000000000000000000000000019
:10AF38000000000000000000000000000000000009
:10AF480000000000000000000000000000000000F9
:10AF580000000000000000000000000000000000E9
:10AF68000000000000000058008000401CA50008F8
:10AF78008007000098AF00080100000000000000F2
:10AF88000000000000000000A0AF0008FF990008C2
:10AF98005C00000001000000A8AF000801000000EC
:10AFA800B0AF0008020000004800000000020000E6
:10AFB8006800000000000000003801401CA50008DF
:10AFC8000E080000E8AF00080100000000000000C3
:10AFD8000000000000000000F0AF0008E999000838
:10AFE8006000000000400000F8AF00080100000009
:10AFF80000B0000801000000470100000000000048
:10B00800A0860100400D0300801A060000350C00E0
:10B0180040420F0080841E0000093D0000127A00A3
:10B028000024F40000366E010048E801006CDC02E0
:10B038000000000000000000000000000000000008
:10B0480001000000030000000500000001000000EE
:10B0580001000000060000000A00000020000000B7
:10B0680002000000040000000800000010000000BA
:10B078004000000080000000000100000002000005
:10B088005BC5000869C500087DC500088CC50008B7
:10B0980098C500086CA400086CA40008CCA400089B
:10B0A800D4A40008FCA40008FCA4000800000000C8
:10B0B8000000000000000000000000000000004048
:10B0C8009559695955555455155555560405154101
:10B0D80010545540455155444045504450555545E8
:10B0E8000040004040044496655556554540455437
:10B0F8005141154055915555555540510501000090
:10B1080054455454455505040010041014044000D7
:10B118000000014055551541540400004400010049
:10B12800000000404100004450444550540055552B
:10B138005455655100400040010000010005010020
:10B148001154515154555505001541500000044003
:10B1580010010405000000000100020004000600C0
:10B1680008000A000C0010002000400080000001C8
:10B178004750494F20646576696365206E6F742077
:10B18800726561647920666F722070696E2025642B
:10B198000A004661696C656420746F20636F6E668F
:10B1A8006967757265206F75747075742070696E43
:10B1B8002025640A004661696C656420746F2077F5
:10B1C800726974652070696E2025640A00524544CE
:10B1D80000475245454E00424C5545004E4F4E459E
:10B1E80000456D62656464656420506C6174666FC7
:10B1F800726D7320616E6420436F6D6D756E696347
:10B208006174696F6E7320666F7220496F540A000B
:10B218002020202020202020455453495354202DFD
:10B228002055504D202D204D55496F542032303235
:10B23800352D32303236202020202020200A0A00E6
:10B2480020202020426F617264204C454420746F96
:10B2580067676C65202873696E676C65207468720F
:10B268006561643A206D61696E292020200A0045D5
:10B2780072726F723A204C45442064657669636542
:10B28800206E6F742072656164790A004572726F6E
:10B29800723A20636F6E6669677572696E67204CD3
:10B2A80045440A004F6E626F617264204C45442029
:10B2B8006E6F74207265616479210A004572726F3D
:10B2C800723A204750494F206465766963652025A6
:10B2D80073206E6F742072656164790A004572721A
:10B2E8006F722025643A204661696C656420746F2A
:10B2F80020636F6E6669677572652070696E2025B8
:10B30800640A004572726F722025643A206770697A
:10B318006F5F6164645F63616C6C6261636B5F64DF
:10B3280074206661696C65640A004D6F6465204E1F
:10B338006F726D616C0A004D6F646520546573749B
:10B348000A00534F494C204D4F4953545552453AE2
:10B3580020252E316625250A004C494748543A20B5
:10B36800252E326625250A004750533A206E6F2055
:10B37800646174610A004750533A0A000954696DC0
:10B38800653A20253032643A253032643A25303225
:10B39800640A00094C61743A20252E3666C2B02032
:10B3A80025630A00094C6F6E3A20252E3666C2B016
:10B3B8002025630A0009416C743A202573206D0A20
:10B3C8000009536174656C6C697465733A20257360
:10B3D8000A004750533A20696E636F6D706C65744C
:10B3E80065204747412073656E74656E63650A0082
:10B3F800434F4C4F522053454E534F523A20436CC3
:10B408006561723A202564205265643A20256420DB
:10B41800477265656E3A20256420426C75653A204E
:10B428002564202D2D20446F6D696E616E74206334
:10B438006F6C6F723A2025730A00414343454C45AF
:10B44800524F4D45544552533A0A09585F6178693D
:10B45800733A20252E3266206D2F73C2B20A09591D
:10B468005F617869733A20252E3266206D2F73C28A
:10B47800B20A095A5F617869733A20252E3266202C
:10B488006D2F73C2B20A005741524E494E473A20B7
:10B49800454E5649524F4E4D454E54204F55542017
:10B4A8004F4620535045432052414E4745210A00FC
:10B4B8000954656D706572617475726520252E3149
:10B4C8006620C2BA43206973206F75747369646516
:10B4D800205B2D31302C2035305D20C2BA430A0064
:10B4E8000952656C61746976652048756D6964698F
:10B4F800747920252E31662525206973206F75748F
:10B5080073696465205B32352C2037355D25250A43
:10B518000054454D502F48554D3A0A0954656D70F1
:10B52800657261747572653A20252E316620C2BA3B
:10B53800430A0952656C61746976652048756D69BE
:10B54800646974793A20252E316625250A005B4EF8
:10B558004D335D20486F75726C792073746174691E
:10B5680073746963733A206E6F2073616D706C65D4
:10B578007320636F6C6C656374656420696E206CFE
:10B5880061737420686F75722E0A000A5B4E4D3322
:10B598005D20486F75726C79207374617469737477
:10B5A80069637320284E203D2025752073616D70D6
:10B5B8006C6573290A00202054656D70657261748A
:10B5C800757265205BC2BA435D3A206D65616E2075
:10B5D8003D20252E326620206D696E203D20252EC7
:10B5E800326620206D6178203D20252E32660A00C3
:10B5F800202052656C2E2048756D69646974792025
:10B608005B25255D3A206D65616E203D20252E3233
:10B618006620206D696E203D20252E326620206D23
:10B628006178203D20252E32660A002020416D6277
:10B6380069656E74204C69676874205B25255D3ADE
:10B64800206D65616E203D20252E326620206D69B3
:10B658006E203D20252E326620206D6178203D2009
:10B66800252E32660A002020536F696C204D6F69C1
:10B678007374757265205B25255D3A206D65616E72
:10B68800203D20252E326620206D696E203D202524
:10B698002E326620206D6178203D20252E32660AE4
:10B6A800005B4E4D345D20486F75726C7920646F75
:10B6B8006D696E616E74206C65616620636F6C6F76
:10B6C80075723A2025732028523D25752C20473D58
:10B6D80025752C20423D2575290A005B4E4D355DA8
:10B6E800204E6F20616363656C65726F6D6574656C
:10B6F800722073616D706C657320636F6C6C656329
:10B7080074656420696E206C61737420686F75724B
:10B718002E0A005B4E4D355D20486F75726C79209E
:10B72800616363656C65726F6D65746572206D69C0
:10B738006E2F6D617820286D2F735E32290A0020E4
:10B7480020583A206D696E203D20252E3266202033
:10B758006D6178203D20252E32660A002020593A56
:10B76800206D696E203D20252E326620206D61787F
:10B77800203D20252E32660A0020205A3A206D6985
:10B788006E203D20252E326620206D6178203D20D8
:10B79800252E32660A0A00244750474741002447AD
:10B7A8004E474741004572726F723A204144432028
:10B7B800646576696365206973206E6F74207265AD
:10B7C8006164790A004572726F723A2041444320DD
:10B7D800726561645F6474206661696C65643A20AF
:10B7E80025640A00414443206368616E6E656C20DD
:10B7F8007365747570206661696C65643A202564A8
:10B808000A0055415254206E6F7420726561647944
:10B818000A0041444320736F696C206368616E6E4F
:10B82800656C207365747570206661696C65643A2F
:10B838002025640A004572726F723A20536F696C52
:10B84800204750494F20646576696365206E6F74A0
:10B858002072656164790A004572726F723A2063DA
:10B868006F6E6669677572696E6720536F696C20C1
:10B878004750494F0A005369373032313A2049322C
:10B888004320627573206E6F742072656164790A53
:10B8980000544353204C4544204750494F206E6F75
:10B8A800742072656164790A004661696C65642078
:10B8B800746F20636F6E66696775726520544353B1
:10B8C800204C4544204750494F20282564290A0028
:10B8D80073656E736F725F7468720028756E736932
:10B8E800676E6564292063686172202A2075736514
:10B8F8006420666F722025257020617267756D65FA
:10B908006E742E2049742773207265636F6D6D65A0
:10B918006E64656420746F20636173742069742099
:10B92800746F20766F6964202A206265636175737D
:10B9380065206974206D6179206361757365206D78
:10B9480069736265686176696F7220696E206365E4
:10B95800727461696E20636F6E666967757261746F
:10B96800696F6E732E20537472696E673A2225735D
:10B978002220617267756D656E743A256400636292
:10B988007072696E74665F7061636B61676500559C
:10B998006E62616C616E636564206261636B757071
:10B9A80020646F6D61696E206163636573732072D3
:10B9B8006566636F756E740073746D33325F6261B0
:10B9C800636B75705F646F6D61696E00736F6300A0
:10B9D8006C6F6767696E67006C6F67006C6F675F95
:10B9E8006D676D74004D6573736167652028222546
:10B9F8007322292064726F707065642062656361C8
:10BA08007573652069742065786365656473207350
:10BA1800697A65206C696D69746174696F6E202834
:10BA2800257529004D6573736167652064726F70B1
:10BA3800706564206265636175736520697420654B
:10BA48007863656564732073697A65206C696D69CC
:10BA5800746174696F6E2028257529000D0A001B12
:10BA68005B306D00257320005B2530386C755D20D8
:10BA7800005B253032753A253032753A25303275FB
:10BA88002E253033752C253033755D200025730045
:10BA980025732F003C25733E200025733A2000258E
:10BAA8003032782000202020007C00256300206DA3
:10BAB800657373616765732064726F707065642065
:10BAC8002D2D2D0D0A1B5B306D001B5B313B333177
:10BAD8006D2D2D2D20001B5B313B33316D001B5B21
:10BAE800313B33336D006572720077726E00696E98
:10BAF8006600646267006C6F675F6261636B656EA6
:10BB0800645F75617274006C6F675F756172740051
:10BB180072302F61313A2020307825303878202053
:10BB280072312F61323A2020307825303878202041
:10BB380072322F61333A20203078253038780072FD
:10BB4800332F61343A20203078253038782072310C
:10BB5800322F69703A2020307825303878207231B9
:10BB6800342F6C723A2020307825303878002078CD
:10BB78007073723A20203078253038780046617525
:10BB88006C74696E6720696E737472756374696F1B
:10BB98006E206164647265737320287231352F706A
:10BBA80063293A2030782530387800556E68616E00
:10BBB800646C6564204952516E3A202564002A2A33
:10BBC8002A2A2A20425553204641554C54202A2AD5
:10BBD8002A2A2A002020537461636B696E672065E6
:10BBE80072726F72002020556E737461636B696E98
:10BBF80067206572726F72002020507265636973E6
:10BC080065206461746120627573206572726F7259
:10BC18000020204246415220416464726573733AA1
:10BC28002030782578002020496D7072656369732B
:10BC380065206461746120627573206572726F7229
:10BC4800002020496E737472756374696F6E206288
:10BC58007573206572726F72002A2A2A2A2A205563
:10BC680053414745204641554C54202A2A2A2A2A1E
:10BC78000020204469766973696F6E206279207AA2
:10BC880065726F002020556E616C69676E6564206F
:10BC98006D656D6F72792061636365737300202031
:10BCA8004E6F20636F70726F636573736F72206974
:10BCB8006E737472756374696F6E73002020496CBB
:10BCC8006C6567616C206C6F6164206F66204558F5
:10BCD800435F52455455524E20696E746F2050434D
:10BCE800002020496C6C6567616C20757365206F56
:10BCF80066207468652045505352002020417474B2
:10BD0800656D707420746F2065786563757465203F
:10BD1800756E646566696E656420696E73747275A4
:10BD28006374696F6E002A2A2A2A2A204D505520EA
:10BD38004641554C54202A2A2A2A2A002020537486
:10BD480061636B696E67206572726F722028636F1A
:10BD58006E746578742061726561206D69676874B6
:10BD6800206265206E6F742076616C6964290020FA
:10BD78002044617461204163636573732056696F61
:10BD88006C6174696F6E0020204D4D464152204110
:10BD98006464726573733A203078257800202049EE
:10BDA8006E737472756374696F6E20416363657333
:10BDB800732056696F6C6174696F6E0052657365A4
:10BDC8007276656420457863657074696F6E2028A3
:10BDD8000053707572696F757320696E746572723D
:10BDE80075707420284952512000535053454C20F7
:10BDF800696E20746872656164206D6F6465206483
:10BE08006F6573206E6F7420696E64696361746511
:10BE180020505350002A2A2A2A2A204841524420D6
:10BE28004641554C54202A2A2A2A2A0020204275A5
:10BE380073206661756C74206F6E20766563746F0D
:10BE480072207461626C6520726561640020204410
:10BE580065627567206576656E7400202046617599
:10BE68006C7420657363616C6174696F6E202873EC
:10BE780065652062656C6F772900415243485F45CC
:10BE88005843455054207769746820726561736F10
:10BE98006E2025780A002A2A2A2A2A2044656275F3
:10BEA80067206D6F6E69746F722065786365707452
:10BEB800696F6E202A2A2A2A2A002A2A2A2A2A2050
:10BEC800257320256429202A2A2A2A2A006D7075BC
:10BED800004661696C656420746F20616C6C6F63E7
:10BEE800617465206E6577204D50552072656769CD
:10BEF8006F6E2025750A00506172746974696F6EDF
:10BF08002025753A2073616E6974792063686563CA
:10BF18006B206661696C65642E00464C4153485F2E
:10BF280030005352414D5F30006765746F70740084
:10BF38000A06050504010301020101010001436C21
:10BF48006F636B20636F6E74726F6C2064657669C3
:10BF58006365206E6F7420726561647900496E763E
:10BF6800616C6964206C696E65206E756D626572BE
:10BF780020257500696E746572727570742D636F13
:10BF88006E74726F6C6C6572403538303030383092
:10BF98003000657874695F73746D33320044696684
:10BFA800666572656E7469616C206368616E6E6542
:10BFB8006C73206E6F7420737570706F7274656423
:10BFC800206F6E20746869732041444300496E767F
:10BFD800616C6964206368616E6E656C2067616975
:10BFE8006E00496E76616C6964206368616E6E6587
:10BFF8006C207265666572656E6365004163717574
:10C0080069736974696F6E2074696D6520657870ED
:10C01800656374656420696E207469636B73206F4F
:10C028006E6C790053616D706C696E672074696D10
:10C03800652076616C7565206E6F742073757070FD
:10C048006F727465642E004F6E6C792074776F2060
:10C05800646966666572656E742073616D706C697B
:10C068006E672074696D657320737570706F727474
:10C078006564004E756D626572206F6620636F6D32
:10C088006D6F6E2073616D706C696E672074696D79
:10C0980065206368616E6E656C73206E6F742073C3
:10C0A8007570706F7274656400496E76616C69644E
:10C0B8002073616D706C696E672074696D650041ED
:10C0C8004443206F76657272756E206572726F7266
:10C0D800206F636375727265642E20557365204402
:10C0E8004D412C2072656475636520636C6F636BCA
:10C0F80020736F75726365206672657175656E630E
:10C10800792C20696E63726561736520707265733E
:10C1180063616C65722076616C7565206F72206949
:10C128006E6372656173652073616D706C696E67AB
:10C138002074696D65732E0041444320636C6F63FE
:10C148006B207261746520676574206572726F7206
:10C158002E0041444320436C6F636B207261746509
:10C16800206E756C6C00636C6F636B20636F6E740C
:10C17800726F6C20646576696365206E6F742072D7
:10C1880065616479004144432070696E6374726C20
:10C19800207365747570206661696C656420282554
:10C1A8006429004E6F206368616E6E656C7320733E
:10C1B800656C656374656400496E76616C696420BA
:10C1C8007265736F6C7574696F6E0050726F766903
:10C1D8006465642062756666657220697320746F91
:10C1E8006F20736D616C6C202825752F25752900CB
:10C1F800496E76616C6964206F76657273616D70E3
:10C208006C696E67006164634034303031323430B9
:10C2180030006164635F73746D333200726363402E
:10C228003538303030303030006770696F4034381E
:10C23800303031633030006770696F4034383030E7
:10C2480030383030006770696F40343830303034FF
:10C258003030006770696F403438303030303030FB
:10C26800006932630049324320636F6E74726F6CE9
:10C278006C6572206E6F7420636F6E666967757285
:10C2880065640025733A20696E76616C6964206D77
:10C298006F6465202569004661696C656420636187
:10C2A8006C6C20636C6F636B5F636F6E74726F6C22
:10C2B8005F6765745F726174652870636C6B656E27
:10C2C8005B305D2900496E76616C696420493243B0
:10C2D8002062697420726174652076616C756500EE
:10C2E8006932633A206661696C75726520696E69A6
:10C2F8007469616C697A696E6700693263403430C9
:10C3080030303538303000693263403430303035C1
:10C31800343030006932635F6C6C5F73746D333234
:10C32800004932432070696E6374726C20736574BF
:10C338007570206661696C65642028256429006928
:10C3480032633A206661696C75726520656E616258
:10C358006C696E6720636C6F636B006932635F6C36
:10C368006C5F73746D33325F636F6D6D6F6E0069F0
:10C3780032633A2073706565642061626F76652068
:10C388002266617374222072657175697265732003
:10C398006D616E75616C2074696D696E6720636F7D
:10C3A8006E66696775726174696F6E2C2073656556
:10C3B800202274696D696E6773222070726F7065D0
:10C3C800727479206F662073742C73746D33322DF8
:10C3D8006932632D763220646576696365747265A7
:10C3E800652062696E64696E67004932433A666126
:10C3F800696C656420746F2066696E64207072656C
:10C408007363616C65722076616C7565006932636F
:10C418005F6C6C5F73746D33325F76320072657374
:10C4280065742D636F6E74726F6C6C657200556EF7
:10C4380061626C6520746F207365742025732074A5
:10C448006F20256400436F756C64206E6F742065DF
:10C458006E61626C6520284C502955415254206306
:10C468006C6F636B00726573657420636F6E7472B2
:10C478006F6C6C6572206E6F7420726561647900F0
:10C48800257320646F6573206E6F742073757070E8
:10C498006F72742064726976657220656E61626C71
:10C4A800650073657269616C403430303038303003
:10C4B800300073657269616C403430303133383024
:10C4C8003000756172745F73746D33320048616C4B
:10C4D80074696E672073797374656D00556E6B6E41
:10C4E8006F776E206572726F7200756E6B6E6F7704
:10C4F8006E003E3E3E205A4550485952204641540F
:10C50800414C204552524F522025643A2025732031
:10C518006F6E20435055202564004661756C742069
:10C52800647572696E6720696E746572727570746D
:10C538002068616E646C696E670A00437572726583
:10C548006E74207468726561643A2025702028250D
:10C5580073290043505520657863657074696F6E60
:10C5680000556E68616E646C656420696E746572EE
:10C578007275707400537461636B206F76657266B0
:10C588006C6F77004B65726E656C206F6F7073000F
:10C598004B65726E656C2070616E6963006F730025
:10C5A8002A2A2A20426F6F74696E67205A6570685C
:10C5B8007972204F53206275696C642076342E326C
:10C5C8002E302D373330332D6765313165343539A9
:10C5D8006232333666202A2A2A0A006E616E0028E3
:08C5E8006E756C6C2900000067
:10C5F000000000000000000000000000000000003B
:10C600006970000800000000000000000000000049
:10C610002000002020000020C5900008000000003D
:10C62000000000000000000000000000000000000A
:10C630004000002040000020000000000100000039
:10C640005000002050000020000000000100000009
:10C6500000000000000000000000000000000000DA
:10C6600000000000000000000000000000000000CA
:10C6700000000000000000000000000000000000BA
:10C6800000000000000000000000000000000000AA
:10C6900000000000000000009CA500080A00010046
:10C6A0009CA50008080001009CA5000805000100E9
:10C6B0000300000005870008198C00080CAD000875
:10C6C00000000000000000008D8F00080000000046
:10C6D0000000000000000000F40000200000000046
:10C6E0000000000000C20100000103000000000083
:10C6F0000C01002000000000000000008025000068
:10C700000001030000093D00C80000001C010020DA
:10C710001C010020090400000100090400000000C1
:10C7200001FFFFFFFFFFFFFFFFFFFFFFFFFFFFFF17
:01C73000FF09
:10C7310000000000000000000000000000000000F8
:0BC741000000000000000000000000ED
:10C74C0000000000000000000000000000000000DD
:10C75C0000000000000000000000000000000000CD
:10C76C0000000000000000000000000000000000BD
:08C77C000000000000000000B5
:04C7840000000000B1
:10C7880000000000000000006970000800000000C0
:10C798000000000000000000B0010020B0010020EF
:10C7A800E512000800000000000000000000000082
:10C7B8000000000000000000000000000000000071
:10C7C8006970000800000000000000000000000080
:10C7D800E8010020E8010020FD1200080000000028
:10C7E8000000000000000000000000000000000041
:10C7F8000000000000000000697000080000000050
:10C80800000000000000000020020020200200209C
:10C81800F112000800000000000000000000000005
:08C82800000000000000000008
:10C830004002002040020020000000000100000033
:04C8400015E015E00A
:0400000508004109A5
:00000001FF
